sy_name,hostname,hd_name,hip_name,sy_snum,sy_pnum,st_refname,st_spectype,st_teff,st_rad,st_mass,st_met,st_metratio,st_lum,st_logg,st_age,st_dens,st_vsin,st_rotp,sy_refname,ra,dec,glat,glon,sy_dist,sy_vmag,sy_gaiamag,rocky_count,gas_giant_count,ice_giant_count,has_rocky_planet,has_gas_giant,has_ice_giant,has_rocky_planet_in_carbon_zone,has_rocky_planet_in_sulfur_zone,has_rocky_planet_in_silicon_zone,has_gas_planet_in_carbon_zone,has_gas_planet_in_sulfur_zone,has_gas_planet_in_silicon_zone,distance_from_sol_ly,calculated_x,calculated_y,calculated_z,carbon_ranking,sulfur_ranking,silicon_ranking,combined_score,stability_score,stability_symbol,manual_entry,sy_mnum,cb_flag,distance_from_origin_ly,origin_hostname,source_hostname,composite_ranking,parent_hostname,process_order,gate_distance,neighbor_1_hostname,neighbor_1_distance,neighbor_1_ranking,neighbor_2_hostname,neighbor_2_distance,neighbor_2_ranking,neighbor_3_hostname,neighbor_3_distance,neighbor_3_ranking,neighbor_4_hostname,neighbor_4_distance,neighbor_4_ranking,neighbor_5_hostname,neighbor_5_distance,neighbor_5_ranking,neighbor_6_hostname,neighbor_6_distance,neighbor_6_ranking,neighbor_7_hostname,neighbor_7_distance,neighbor_7_ranking,assigned,Species,Nation,Group,is_hub
Sol,Sol,,,1.0,8.0,,G2 V,5772.0,1.0,1.0,0.0,Fe/H,0.0,4.44,4.6,1.41,1.997,25.0,,0.0,0.0,0.0,0.0,0.0,-26.74,-26.8,4,4,2,1,1,1,1,1,1,1,1,1,0.0,0.0,0.0,0.0,3.0,3.0,3.0,3.0,0,circle,1,421.0,0.0,0.0,Sol,Sol,0.88,,1,0,alf Cen B,4.3949,0.3719,alf Cen A,4.3949,0.3719,GJ 887,10.7201,0.4781,GJ 687,14.8381,0.4296,tau Cet,11.7515,0.4226,Wolf 1061,14.044,0.4061,eps Eri,10.4455,0.3879,True,Human,Turquenish Empire,Turquenish Empire,True
alf Cen,alf Cen B,HD 128621,HIP 71681,3.0,2.0,<a refstr=TURNBULL_2015 href=https://ui.adsabs.harvard.edu/abs/2015arXiv151001731T/abstract target=ref>Turnbull 2015</a>,K0V,5178.0,0.88,0.88,0.23,[Fe/H],-0.284,4.52,8.0,,,,<a refstr=STASSUN_ET_AL__2019 href=https://ui.adsabs.harvard.edu/abs/2019AJ....158..138S/abstract target=ref>TICv8</a>,219.9141283,-60.8394714,-0.68705,315.73733,1.347491,1.35,,0,0,0,0,0,0,0,0,0,0,0,0,4.39492274596,-1.6425163033219377,-1.3740451170024837,-3.837901269277241,0.0,0.0,0.0,0.0,0,circle,0,,,4.39492274596,Sol,alf Cen B,0.4075,Sol,2,1,alf Cen A,0.0004,0.4075,eps Ind A,9.6895,0.3717,GJ 887,10.4034,0.4913,Wolf 1061,11.8715,0.4211,tau Cet,13.4026,0.409,GJ 682,12.7521,0.3792,GJ 674,11.1425,0.3654,True,Crystomorphs,,Crystomorphs,False
alf Cen,alf Cen A,HD 128620,HIP 71683,3.0,2.0,<a refstr=TURNBULL_2015 href=https://ui.adsabs.harvard.edu/abs/2015arXiv151001731T/abstract target=ref>Turnbull 2015</a>,G2.0V,5801.0,1.25,1.06,0.21,[Fe/H],0.207,4.3,7.84,,,,<a refstr=STASSUN_ET_AL__2019 href=https://ui.adsabs.harvard.edu/abs/2019AJ....158..138S/abstract target=ref>TICv8</a>,219.9204103,-60.8351471,-0.68433,315.74188,1.347491,-0.01,,0,0,0,0,0,0,0,0,0,0,0,0,4.39492274596,-1.6425877863550185,-1.374411073704708,-3.837739635195668,0.0,0.0,0.0,0.0,0,circle,0,,,4.39492274596,Sol,alf Cen A,0.4075,Sol,3,1,eps Ind A,9.6896,0.3717,GJ 887,10.4035,0.4913,Wolf 1061,11.8711,0.4211,tau Cet,13.4028,0.409,GJ 682,12.7519,0.3792,GJ 674,11.1423,0.3654,Kapteyn,12.0322,0.3517,True,Crystomorphs,,Crystomorphs,False
GJ 887,GJ 887,HD 217987,HIP 114046,1.0,4.0,<a refstr=HARTOGH_ET_AL_2026 href=https://ui.adsabs.harvard.edu/abs/2026A&A...707A..93H/abstract target=ref>Hartogh et al. 2026</a>,M1 V,3688.0,0.468,0.495,-0.06,[Fe/H],-1.43415,4.156,2.9,,2.5,38.7,<a refstr=STASSUN_ET_AL__2019 href=https://ui.adsabs.harvard.edu/abs/2019AJ....158..138S/abstract target=ref>TICv8</a>,346.5027573,-35.8473489,-65.98674,5.09735,3.28679,7.56,6.52199,0,0,0,0,0,0,0,0,0,0,0,0,10.720062792399998,8.449476824909938,-2.0281098568349667,-6.27796607723533,0.0,0.0,0.0,0.0,0,circle,0,,,10.720062792399998,Sol,GJ 887,0.52,Sol,4,1,eps Ind A,4.7237,0.3961,GJ 876,6.6195,0.5614,GJ 832,7.3398,0.3667,tau Cet,7.8097,0.432,HD 20794,14.8138,0.3872,GJ 682,14.5228,0.3706,eps Eri,11.477,0.3591,True,Human,League of The Faithful,League of The Faithful,False
GJ 687,GJ 687,,HIP 86162,1.0,2.0,<a refstr=STASSUN_ET_AL__2017 href=https://ui.adsabs.harvard.edu/abs/2017AJ....153..136S/abstract target=ref>Stassun et al. 2017</a>,,3340.0,0.43,0.45,0.15,[Fe/H],,4.82,,,,,<a refstr=STASSUN_ET_AL__2019 href=https://ui.adsabs.harvard.edu/abs/2019AJ....158..138S/abstract target=ref>TICv8</a>,264.1041731,68.3336741,31.96608,98.59611,4.54939,9.15,8.02754,0,2,0,0,1,0,0,0,0,1,1,1,14.838108448399998,-0.5627251756021041,-5.44926060610855,13.789791932800744,1.0,1.0,1.0,1.0,0,circle,0,,,14.8381084484,Sol,GJ 687,0.5125,Sol,5,1,Gl 725 A,4.2194,0.3956,GJ 625,8.0284,0.3636,Gl 725 B,8.2891,0.3737,HD 219134,12.9448,0.4628,GJ 15 A,12.2132,0.3611,GJ 876,22.9354,0.517,GJ 581,23.1064,0.4232,True,Methan,,Methan,False
tau Cet,tau Cet,HD 10700,HIP 8102,1.0,3.0,<a refstr=TURNBULL_2015 href=https://ui.adsabs.harvard.edu/abs/2015arXiv151001731T/abstract target=ref>Turnbull 2015</a>,G8.5V,5283.0,0.83,0.8,-0.52,[Fe/H],-0.284,4.52,,,,,<a refstr=STASSUN_ET_AL__2019 href=https://ui.adsabs.harvard.edu/abs/2019AJ....158..138S/abstract target=ref>TICv8</a>,26.0093029,-15.9337987,-73.4424,173.07319,3.60304,3.49607,3.24854,0,0,0,0,0,0,0,0,0,0,0,0,11.7515311424,10.155596908668024,4.955256908004746,-3.2261067240748096,0.0,0.0,0.0,0.0,0,circle,0,,,11.7515311424,Sol,tau Cet,0.4862,Sol,6,1,eps Eri,5.3906,0.3771,GJ 876,10.0427,0.6058,HD 20794,11.8247,0.4054,eps Ind A,11.4417,0.3747,Kapteyn,10.8548,0.3727,GJ 15 A,12.2228,0.361,LTT 1445 A,11.8838,0.3422,True,Human,Turquenish Empire,Turquenish Empire,False
Wolf 1061,Wolf 1061,,HIP 80824,1.0,3.0,<a refstr=ASTUDILLO_DEFRU_ET_AL__2017 href=https://ui.adsabs.harvard.edu/abs/2017A&A...602A..88A/abstract target=ref>Astudillo-Defru et al. 2017</a>,M3.5,3342.0,0.307,0.294,-0.09,[Fe/H],-1.9914,,,,,95.0,<a refstr=STASSUN_ET_AL__2019 href=https://ui.adsabs.harvard.edu/abs/2019AJ....158..138S/abstract target=ref>TICv8</a>,247.5748276,-12.6676866,23.67715,3.34702,4.30592,10.1,8.79444,0,0,1,0,0,1,0,0,0,0,0,0,14.0440164352,-5.227053329317271,-12.66598454666974,-3.079796517331012,0.0,0.0,0.0,0.0,0,circle,0,,,14.0440164352,Sol,Wolf 1061,0.4862,Sol,7,1,GJ 581,8.4159,0.4592,GJ 674,9.0434,0.3592,GJ 682,9.3245,0.3919,HIP 84709,11.6136,0.447,GJ 667 C,12.3904,0.4382,HN Lib,10.4077,0.3898,HD 180617,13.6536,0.3177,True,Bazzar,,Bazzar,True
eps Eri,eps Eri,HD 22049,HIP 16537,1.0,1.0,<a refstr=TURNBULL_2015 href=https://ui.adsabs.harvard.edu/abs/2015arXiv151001731T/abstract target=ref>Turnbull 2015</a>,K2.0V,5146.0,0.77,0.86,-0.03,[Fe/H],-0.456,4.61,2.6,,,,<a refstr=STASSUN_ET_AL__2019 href=https://ui.adsabs.harvard.edu/abs/2019AJ....158..138S/abstract target=ref>TICv8</a>,53.2284306,-9.4581715,-48.05487,195.84135,3.2026,3.71548,3.47719,0,1,0,0,1,0,0,0,0,0,0,0,10.445472056,6.167929768945937,8.2533768853116,-1.7164786124597096,0.0,0.0,0.0,0.0,0,circle,0,,,10.445472056000002,Sol,eps Eri,0.4187,Sol,8,1,Kapteyn,8.5353,0.3613,GJ 876,14.9695,0.5266,HD 20794,12.3389,0.3999,GJ 15 A,12.5701,0.358,eps Ind A,14.0728,0.3535,LTT 1445 A,12.2762,0.338,GJ 229,12.6567,0.3348,True,Methan,,Methan,False
eps Ind,eps Ind A,HD 209100,HIP 108870,3.0,1.0,<a refstr=SANGHI_ET_AL_2026 href=https://ui.adsabs.harvard.edu/abs/2026AJ....172..115S/abstract target=ref>Sanghi et al. 2026</a>,K5 V,4700.0,0.713,0.8,-0.17,[Fe/H],,,3.48,,2.0,18.33,<a refstr=STASSUN_ET_AL__2019 href=https://ui.adsabs.harvard.edu/abs/2019AJ....158..138S/abstract target=ref>TICv8</a>,330.8714021,-56.7969023,-48.05511,336.16647,3.63857,4.69,4.34562,0,1,0,0,1,0,0,0,0,1,1,1,11.8674143692,5.67680229589103,-3.163379893985536,-9.929877499243837,1.0,1.0,1.0,1.0,0,circle,0,,,11.8674143692,Sol,eps Ind A,0.4337,alf Cen B,9,2,GJ 832,4.8388,0.3804,GJ 674,9.8976,0.3559,GJ 876,10.5434,0.5746,GJ 682,10.9829,0.4029,HD 20794,14.9526,0.3868,Kapteyn,12.6384,0.3462,GJ 581,23.6331,0.4229,True,Methan,,Methan,False
GJ 682,GJ 682,,HIP 86214,1.0,2.0,<a refstr=TUOMI_ET_AL__2014 href=https://ui.adsabs.harvard.edu/abs/2014MNRAS.441.1545T/abstract target=ref>Tuomi et al. 2014</a>,M3.5 V,3028.0,,0.27,,,-2.69897,,,,,,<a refstr=STASSUN_ET_AL__2019 href=https://ui.adsabs.harvard.edu/abs/2019AJ....158..138S/abstract target=ref>TICv8</a>,264.2610245,-44.3232519,-6.63429,345.9806,5.00671,10.94,9.57025,0,0,0,0,0,0,0,0,0,0,0,0,16.3296850676,-1.168201206278437,-11.62385279437748,-11.40964357739938,0.0,0.0,0.0,0.0,0,circle,0,,,16.3296850676,Sol,GJ 682,0.4525,alf Cen B,10,2,GJ 674,1.696,0.4032,HIP 84709,7.2273,0.4573,GJ 667 C,8.0525,0.4534,GJ 832,11.0728,0.367,GJ 876,18.6524,0.5202,61 Vir,23.9523,0.4327,GJ 581,15.2718,0.432,True,Bazzar,,Bazzar,False
GJ 674,GJ 674,,HIP 85523,1.0,1.0,<a refstr=BONFILS_ET_AL__2007 href=https://ui.adsabs.harvard.edu/abs/2007A&A...474..293B/abstract target=ref> Bonfils et al. 2007 </a>,M2.5,3600.0,,0.35,-0.28,[Fe/H],-1.796,,0.55,,1.0,,<a refstr=STASSUN_ET_AL__2019 href=https://ui.adsabs.harvard.edu/abs/2019AJ....158..138S/abstract target=ref>TICv8</a>,262.1700476,-46.8989826,-6.78174,343.00208,4.54896,9.38,8.33063,0,0,0,0,0,0,0,0,0,0,0,0,14.8367059776,-1.3810975325429302,-10.043207980623729,-10.833023000496732,0.0,0.0,0.0,0.0,0,circle,0,,,14.8367059776,Sol,GJ 674,0.4187,alf Cen B,11,2,HIP 84709,8.7903,0.4503,GJ 667 C,9.6272,0.4469,GJ 832,10.6688,0.3787,GJ 876,18.0318,0.5209,61 Vir,23.5497,0.4329,GJ 581,15.2801,0.432,HD 192310,19.3301,0.4219,True,Crystomorphs,,Crystomorphs,False
Kapteyn,Kapteyn,HD 33793,HIP 24186,1.0,1.0,<a refstr=STASSUN_ET_AL__2019 href=https://ui.adsabs.harvard.edu/abs/2019AJ....158..138S/abstract target=ref>TICv8</a>,,3742.0,0.301994,0.278894,,,-1.79289,4.92351,,14.276042,,,<a refstr=STASSUN_ET_AL__2019 href=https://ui.adsabs.harvard.edu/abs/2019AJ....158..138S/abstract target=ref>TICv8</a>,77.9586613,-45.0430198,-35.97592,250.56446,3.93305,8.86,8.06198,0,0,0,0,0,0,0,0,0,0,0,0,12.827878558,1.890880014379356,8.864437565828618,-9.07748796262178,0.0,0.0,0.0,0.0,0,circle,0,,,12.827878558,Sol,Kapteyn,0.4187,alf Cen A,12,2,HD 20794,8.7253,0.4118,GJ 229,9.1949,0.3474,LTT 1445 A,14.9019,0.3244,L 98-59,24.9079,0.46,GJ 367,23.7325,0.393,GJ 273,16.7359,0.3654,GJ 251,20.7027,0.361,True,Crystomorphs,,Crystomorphs,False
GJ 876,GJ 876,,HIP 113020,1.0,4.0,<a refstr=VON_BRAUN_ET_AL__2014 href=https://ui.adsabs.harvard.edu/abs/2014MNRAS.438.2413V/abstract target=ref> von Braun et al. 2014</a>,M4,3129.0,0.3761,0.37,0.19,[Fe/H],-1.914,,,,,,<a refstr=STASSUN_ET_AL__2019 href=https://ui.adsabs.harvard.edu/abs/2019AJ....158..138S/abstract target=ref>TICv8</a>,343.3239737,-14.2665958,-59.63511,52.00313,4.67517,10.16,8.8753,0,2,0,0,1,0,0,0,0,1,2,2,15.248347465199998,14.156554893136326,-4.240714276819879,-3.7577115907777214,1.0,2.0,2.0,1.6666666666666667,0,circle,0,,,15.248347465199998,Sol,GJ 876,0.6098,GJ 887,13,2,GJ 832,10.3799,0.3912,GJ 849,14.4439,0.3709,GJ 15 A,14.0754,0.3497,GJ 896 A,11.935,0.3303,HD 219134,21.9266,0.4452,HD 192310,19.3603,0.4219,HIP 84709,24.2895,0.4153,True,Methan,,Methan,True
GJ 832,GJ 832,HD 204961,HIP 106440,1.0,1.0,<a refstr=XIAO_ET_AL__2023 href=https://ui.adsabs.harvard.edu/abs/2023RAA....23e5022X/abstract target=ref>Xiao et al. 2023</a>,M1 V,3472.0,,0.45,-0.3,[Fe/H],,4.7,,,,,<a refstr=STASSUN_ET_AL__2019 href=https://ui.adsabs.harvard.edu/abs/2019AJ....158..138S/abstract target=ref>TICv8</a>,323.3912616,-49.0125169,-46.34872,349.16814,4.96435,8.66,7.73761,0,1,0,0,1,0,0,0,0,0,0,0,16.191525386,8.524896860570715,-6.333164645523231,-12.222219659898466,0.0,0.0,0.0,0.0,0,circle,0,,,16.191525386,Sol,GJ 832,0.4187,GJ 887,14,2,HD 192310,15.9722,0.4265,HIP 84709,16.877,0.4214,GJ 667 C,17.5104,0.4205,HD 20794,17.3409,0.382,GJ 849,20.7163,0.361,GJ 15 A,21.4725,0.338,Gl 725 A,23.3606,0.337,True,Methan,,Methan,False
HD 20794,HD 20794,HD 20794,HIP 15510,1.0,4.0,<a refstr=TURNBULL_2015 href=https://ui.adsabs.harvard.edu/abs/2015arXiv151001731T/abstract target=ref>Turnbull 2015</a>,G8.0V,5401.0,0.92,0.85,-0.41,[Fe/H],-0.161,4.46,13.5,,,,<a refstr=STASSUN_ET_AL__2019 href=https://ui.adsabs.harvard.edu/abs/2019AJ....158..138S/abstract target=ref>TICv8</a>,49.9997666,-43.0666533,-56.06514,250.73443,6.00278,4.26,4.06635,0,0,0,0,0,0,0,0,0,0,0,0,19.5784271368,9.193972279679064,10.956858849424323,-13.36910344882077,0.0,0.0,0.0,0.0,1,diamond,0,,,19.5784271368,Sol,HD 20794,0.47,GJ 887,15,2,LTT 1445 A,10.0943,0.3989,GJ 229,13.4977,0.3297,L 98-59,24.9952,0.46,GJ 180,24.6767,0.3926,GJ 273,23.3197,0.3595,GJ 15 A,23.7984,0.3368,HD 22496,24.953,0.325,True,Human,Turquenish Empire,Turquenish Empire,False
Gl 725,Gl 725 A,HD 173739,HIP 91768,2.0,2.0,<a refstr=CORTES_ZULETA_ET_AL_2025 href=https://ui.adsabs.harvard.edu/abs/2025A&A...693A.164C/abstract target=ref>Cort&eacute;s-Zuleta et al. 2025</a>,M3,3433.0,0.351,0.33,-0.19,[Fe/H],-1.809,4.87,6.2,,,103.1,<a refstr=STASSUN_ET_AL__2019 href=https://ui.adsabs.harvard.edu/abs/2019AJ....158..138S/abstract target=ref>TICv8</a>,280.6834312,59.638109,24.23792,89.29524,3.5214,8.94,7.84944,0,0,0,0,0,0,0,0,0,0,0,0,11.485257384,1.076207787803163,-5.704710726111446,9.910054969856995,0.0,0.0,0.0,0.0,0,circle,0,,,11.485257384,Sol,Gl 725 A,0.43,GJ 687,16,2,GJ 15 A,9.8288,0.3674,HD 219134,13.414,0.4602,Gl 725 B,10.8315,0.3846,GJ 625,10.9386,0.3703,GJ 581,21.4311,0.4241,GJ 411,18.2258,0.3633,HD 147379,24.415,0.3627,True,Crystomorphs,,Crystomorphs,False
GJ 625,GJ 625,,HIP 80459,1.0,1.0,<a refstr=SU_AACUTE_REZ_MASCARE_NTILDE_O_ET_AL__2017 href=https://ui.adsabs.harvard.edu/abs/2017A&A...605A..92S/abstract target=ref>Su&aacute;rez Mascare&ntilde;o et al. 2017</a>,M2,3499.0,0.31,0.3,-0.38,[Fe/H],-1.894,4.94,,,0.2,77.8,<a refstr=STASSUN_ET_AL__2019 href=https://ui.adsabs.harvard.edu/abs/2019AJ....158..138S/abstract target=ref>TICv8</a>,246.3557854,54.3033625,42.78368,83.20997,6.47249,10.066,9.13702,0,0,0,0,0,0,0,0,0,0,0,0,21.1104144844,-4.94012463665706,-11.283755447864092,17.14414276860341,0.0,0.0,0.0,0.0,0,circle,0,,,21.1104144844,Sol,GJ 625,0.4187,GJ 687,17,2,Gl 725 B,7.3464,0.378,HD 219134,18.5673,0.448,GJ 581,21.9417,0.4238,HD 147379,15.2907,0.3721,GJ 411,18.8339,0.3627,Gl 686,16.4978,0.3321,GJ 649,18.5466,0.3292,True,Crystomorphs,,Crystomorphs,False
Gl 725,Gl 725 B,HD 173740,HIP 91772,2.0,2.0,<a refstr=OULD_ELHKIM_ET_AL_2026 href=https://ui.adsabs.harvard.edu/abs/2026A&A...705A.234O/abstract target=ref>Ould-Elhkim et al. 2026</a>,,3379.0,0.28,0.25,-0.28,[M/H],-2.038,4.82,8.7,,,105.1,<a refstr=STASSUN_ET_AL__2019 href=https://ui.adsabs.harvard.edu/abs/2019AJ....158..138S/abstract target=ref>TICv8</a>,280.695353,59.62706,24.2296,89.28489,6.842357,9.7,,0,0,0,0,0,0,0,0,0,0,0,0,22.31675789692,2.094151839003506,-11.08791464607376,19.253840134018,0.0,0.0,0.0,0.0,0,circle,0,,,22.31675789692,Sol,Gl 725 B,0.43,GJ 687,18,2,HD 219134,12.7826,0.4639,HD 147379,15.4154,0.3718,GJ 806,20.8938,0.3609,GJ 411,23.7518,0.3593,Gliese 48,15.9375,0.3332,Gl 686,18.2413,0.3296,GJ 649,21.4528,0.3268,True,Crystomorphs,,Crystomorphs,False
HD 219134,HD 219134,HD 219134,HIP 114622,1.0,6.0,<a refstr=VOGT_ET_AL__2015 href=https://ui.adsabs.harvard.edu/abs/2015ApJ...814...12V/abstract target=ref>Vogt et al. 2015</a>,K3 V,4913.0,0.77,0.794,0.08,[Fe/H],-0.50864,4.51,12.46,,,,<a refstr=STASSUN_ET_AL__2019 href=https://ui.adsabs.harvard.edu/abs/2019AJ....158..138S/abstract target=ref>TICv8</a>,348.3372026,57.1696255,-3.20073,109.90724,6.53127,5.56911,5.2402,0,1,0,0,1,0,0,0,0,0,0,0,21.3021289812,11.310590994902222,-2.3346528053851285,17.89973817562774,0.0,0.0,0.0,0.0,1,diamond,0,,,21.3021289812,Sol,HD 219134,0.5375,GJ 687,19,2,Gliese 48,9.4375,0.3577,Gl 49,12.7045,0.3232,GJ 896 A,13.3988,0.319,GJ 96,22.9219,0.3859,HD 147379,24.5798,0.3627,GJ 806,22.2457,0.36,GJ 251,24.0462,0.3591,True,Methan,,Methan,False
GJ 15,GJ 15 A,HD 1326,HIP 1475,2.0,2.0,<a refstr=PINAMONTI_ET_AL__2018 href=https://ui.adsabs.harvard.edu/abs/2018A&A...617A.104P/abstract target=ref>Pinamonti et al. 2018</a>,M1,3607.0,0.38,0.38,-0.34,[Fe/H],-1.655,4.87,,,1.09,,<a refstr=STASSUN_ET_AL__2019 href=https://ui.adsabs.harvard.edu/abs/2019AJ....158..138S/abstract target=ref>TICv8</a>,4.6126677,44.0247296,-18.44687,116.69017,3.56228,8.09,7.2162,0,1,0,0,1,0,0,0,0,0,0,0,11.6185899568,8.327171548788117,0.6718413458938658,8.074557312153715,0.0,0.0,0.0,0.0,0,circle,0,,,11.6185899568,Sol,GJ 15 A,0.43,GJ 687,20,2,GJ 896 A,11.1957,0.3418,GJ 251,18.5798,0.3629,GJ 411,23.218,0.3595,GJ 273,23.9757,0.3592,GJ 849,24.328,0.359,Gliese 48,17.4937,0.3305,GJ 3378,20.0645,0.3278,True,Methan,,Methan,False
GJ 581,GJ 581,,HIP 74995,1.0,3.0,<a refstr=VON_STAUFFENBERG_ET_AL__2024 href=https://ui.adsabs.harvard.edu/abs/2024A&A...688A.112V/abstract target=ref>von Stauffenberg et al. 2024</a>,M3.0 V,3500.0,0.302,0.295,-0.08,[Fe/H],-1.90781,4.97,,,2.0,132.5,<a refstr=STASSUN_ET_AL__2019 href=https://ui.adsabs.harvard.edu/abs/2019AJ....158..138S/abstract target=ref>TICv8</a>,229.8564725,-7.7226935,40.02208,354.07234,6.2981,10.57,9.411,0,1,0,0,1,0,0,0,0,0,1,1,20.541631036,-13.12316718740089,-15.560254380455143,-2.7603572606113,0.0,1.0,1.0,0.6666666666666666,0,circle,0,,,20.541631036,Sol,GJ 581,0.5161,GJ 687,21,2,HN Lib,4.3146,0.3837,61 Vir,14.7375,0.4435,HIP 84709,14.4715,0.427,GJ 667 C,14.9089,0.4257,GJ 514,13.4257,0.3413,HD 115404 A,23.7289,0.3692,GJ 536,16.2856,0.3662,True,Methan,,Methan,False
LTT 1445,LTT 1445 A,,HIP 14101,3.0,2.0,<a refstr=ODDO_ET_AL__2023 href=https://ui.adsabs.harvard.edu/abs/2023AJ....165..134O/abstract target=ref>Oddo et al. 2023</a>,M3.0,3340.0,0.265,0.257,-0.34,[Fe/H],,,,,,,<a refstr=STASSUN_ET_AL__2019 href=https://ui.adsabs.harvard.edu/abs/2019AJ....158..138S/abstract target=ref>TICv8</a>,45.4624781,-16.5944956,-58.07573,200.48712,6.86929,10.59,10.0469,0,0,0,0,0,0,0,0,0,0,0,0,22.4046014924,15.059564320401533,15.30466256434582,-6.398671292108482,0.0,0.0,0.0,0.0,0,circle,0,,,22.4046014924,Sol,LTT 1445 A,0.4075,tau Cet,22,2,GJ 180,21.4558,0.3943,GJ 273,23.8053,0.3593,GJ 251,24.8396,0.3588,HD 285968,21.2133,0.3269,GJ 229,16.0126,0.3218,GJ 896 A,22.4966,0.3037,GJ 86,21.4425,0.2642,True,Human,Turquenish Empire,Turquenish Empire,False
GJ 667,HIP 84709,HD 156384,HIP 84709,3.0,5.0,<a refstr=TURNBULL_2015 href=https://ui.adsabs.harvard.edu/abs/2015arXiv151001731T/abstract target=ref>Turnbull 2015</a>,M1.5V,4810.0,0.52,0.59,,,-0.886,,,,,,<a refstr=STASSUN_ET_AL__2019 href=https://ui.adsabs.harvard.edu/abs/2019AJ....158..138S/abstract target=ref>TICv8</a>,259.737426,-34.989899,1.42368,351.8417,6.97107,5.91,,0,0,0,0,0,0,0,0,0,0,0,0,22.7365630692,-3.318577106689761,-18.328999143089643,-13.037873162417362,0.0,0.0,0.0,0.0,0,circle,0,,,22.736563069199995,Sol,HIP 84709,0.5087,Wolf 1061,23,2,GJ 667 C,0.8901,0.5002,GJ 680,10.9717,0.347,61 Vir,23.8857,0.4328,HD 192310,17.7844,0.4236,HD 147513,20.3524,0.3651,HN Lib,16.0956,0.3328,AU Mic,21.5643,0.328,True,Bazzar,,Bazzar,False
GJ 667,GJ 667 C,,,3.0,5.0,<a refstr=ANGLADA_ESCUDE_ET_AL__2013 href=https://ui.adsabs.harvard.edu/abs/2013A%26A...556A.126A/abstract target=ref> Anglada-Escude et al. 2013 </a>,M1.5 V,3350.0,,0.33,-0.55,[Fe/H],-1.863,4.69,2.0,,,,<a refstr=STASSUN_ET_AL__2019 href=https://ui.adsabs.harvard.edu/abs/2019AJ....158..138S/abstract target=ref>TICv8</a>,259.7510609,-34.9977651,1.41002,351.84167,7.24396,10.602,9.38033,0,0,0,0,0,0,0,0,0,0,0,0,23.6266101776,-3.443622712870588,-19.045497020425305,-13.55091193760201,0.0,0.0,0.0,0.0,0,circle,0,,,23.6266101776,Sol,GJ 667 C,0.5087,Wolf 1061,24,2,GJ 680,10.3485,0.3704,61 Vir,24.1659,0.4326,HD 192310,17.8131,0.4235,HD 147513,19.5495,0.3657,HN Lib,16.5576,0.332,AU Mic,21.5562,0.328,Gl 686,22.8743,0.326,True,Bazzar,,Bazzar,False
HN Lib,HN Lib,,HIP 71253,1.0,1.0,<a refstr=GONZ_AACUTE_LEZ__AACUTE_LVAREZ_ET_AL__2023 href=https://ui.adsabs.harvard.edu/abs/2023A&A...675A.141G/abstract target=ref>Gonz&aacute;lez-&Aacute;lvarez et al. 2023</a>,M4.0 V,3347.0,0.299,0.291,-0.18,[Fe/H],-1.99542,4.76,4.4,,2.0,96.0,<a refstr=STASSUN_ET_AL__2019 href=https://ui.adsabs.harvard.edu/abs/2019AJ....158..138S/abstract target=ref>TICv8</a>,218.5684823,-12.5170062,43.15722,338.42026,6.24442,11.311,9.87882,0,0,0,0,0,0,0,0,0,0,0,0,20.3665504952,-15.5453805070376,-12.395719576710306,-4.414029920662929,0.0,0.0,0.0,0.0,0,circle,0,,,20.3665504952,Sol,HN Lib,0.4187,Wolf 1061,25,2,61 Vir,10.8137,0.4812,GJ 536,14.8026,0.3697,GJ 514,11.7348,0.3553,GJ 486,14.9914,0.3354,GJ 433,21.0739,0.3945,HD 115404 A,22.4774,0.3699,GJ 411,22.1979,0.3601,True,Bazzar,,Bazzar,False
HD 180617,HD 180617,HD 180617,HIP 94761,2.0,1.0,<a refstr=KAMINSKI_ET_AL__2018 href=https://ui.adsabs.harvard.edu/abs/2018A&A...618A.115K/abstract target=ref>Kaminski et al. 2018</a>,M2.5 V,3557.0,0.453,0.45,0.0,[Fe/H],-1.48678,4.86,,,2.0,46.04,<a refstr=STASSUN_ET_AL__2019 href=https://ui.adsabs.harvard.edu/abs/2019AJ....158..138S/abstract target=ref>TICv8</a>,289.2277322,5.1631615,-3.28372,40.44072,5.91059,9.12,8.0976,0,0,0,0,0,0,0,0,0,0,0,0,19.2777439204,6.322858285786446,-18.128518346309093,1.7348476376660351,0.0,0.0,0.0,0.0,0,circle,0,,,19.2777439204,Sol,HD 180617,0.3962,Wolf 1061,26,2,Gl 686,13.0656,0.3433,HD 192310,17.0418,0.4246,GJ 849,20.0673,0.3615,HD 190007,22.9119,0.3359,GJ 740,17.0729,0.3311,AU Mic,21.6925,0.3279,GJ 649,22.4478,0.3262,True,Human,Industrial Hegemony,Industrial Hegemony,False
GJ 229,GJ 229,HD 42581,HIP 29295,3.0,2.0,<a refstr=TURNBULL_2015 href=https://ui.adsabs.harvard.edu/abs/2015arXiv151001731T/abstract target=ref>Turnbull 2015</a>,M1.5V,3710.0,0.46,0.48,,,-1.222,4.81,,,,,<a refstr=STASSUN_ET_AL__2019 href=https://ui.adsabs.harvard.edu/abs/2019AJ....158..138S/abstract target=ref>TICv8</a>,92.6435993,-21.8677233,-18.44091,228.61506,5.75624,8.15,7.30724,0,0,1,0,0,1,0,0,0,0,0,0,18.7743221344,-0.8036237558567647,17.40489606427865,-6.992778664944426,0.0,0.0,0.0,0.0,0,circle,0,,,18.7743221344,Sol,GJ 229,0.4075,eps Eri,27,2,GJ 273,10.8251,0.4073,GJ 180,21.9626,0.394,GJ 357,22.7842,0.3935,GJ 367,23.3072,0.3932,GJ 251,17.4045,0.3644,HD 260655,21.8703,0.3603,HD 285968,22.4141,0.3262,True,Aboreals,,Aboreals,False
61 Vir,61 Vir,HD 115617,HIP 64924,1.0,3.0,<a refstr=VOGT_ET_AL__2010 href=https://ui.adsabs.harvard.edu/abs/2010ApJ...708.1366V/abstract target=ref> Vogt et al. 2010 </a>,G5 V,5577.0,0.963,0.942,-0.01,[Fe/H],-0.095,4.34,8.96,,1.9,,<a refstr=STASSUN_ET_AL__2019 href=https://ui.adsabs.harvard.edu/abs/2019AJ....158..138S/abstract target=ref>TICv8</a>,199.596455,-18.3157745,44.08875,311.85177,8.50332,4.6955,4.54052,0,2,0,0,1,0,0,0,0,0,1,2,27.7340883792,-24.804025666626373,-8.830587022435354,-8.715543688939489,0.0,1.0,2.0,1.0,0,circle,0,,,27.734088379200003,Sol,61 Vir,0.526,GJ 682,28,3,GJ 433,13.558,0.4082,GJ 536,11.8073,0.3881,GJ 514,13.3856,0.3416,GJ 486,13.6299,0.3403,HD 115404 A,20.7676,0.3709,HIP 56998,23.8596,0.3592,GJ 393,20.2194,0.3277,True,Methan,,Methan,False
HD 192310,HD 192310,HD 192310,HIP 99825,1.0,2.0,<a refstr=TURNBULL_2015 href=https://ui.adsabs.harvard.edu/abs/2015arXiv151001731T/abstract target=ref>Turnbull 2015</a>,K3V,5080.0,0.81,0.82,0.02,[Fe/H],-0.377,4.55,9.3,,,,<a refstr=STASSUN_ET_AL__2019 href=https://ui.adsabs.harvard.edu/abs/2019AJ....158..138S/abstract target=ref>TICv8</a>,303.8284712,-27.0337556,-29.40279,15.62553,8.79687,5.73,5.47661,0,2,0,0,1,0,0,0,0,0,2,2,28.6915193172,14.227605039227385,-21.23011395356079,-13.040736064188842,0.0,2.0,2.0,1.3333333333333333,0,circle,0,,,28.6915193172,Sol,HD 192310,0.5122,GJ 674,29,3,AU Mic,5.0965,0.3801,GJ 849,17.3944,0.3644,HD 190007,22.1973,0.3363,GJ 740,22.2313,0.3263,GJ 680,19.6262,0.3057,,,,,,,True,Methan,,Methan,False
L 98-59,L 98-59,,,1.0,5.0,<a refstr=DEMANGEON_ET_AL__2021 href=https://ui.adsabs.harvard.edu/abs/2021A&A...653A..41D/abstract target=ref>Demangeon et al. 2021</a>,M3 V,3415.0,0.303,0.273,-0.46,[Fe/H],-1.94769,4.86,0.8,12.899911,,80.9,<a refstr=STASSUN_ET_AL__2019 href=https://ui.adsabs.harvard.edu/abs/2019AJ....158..138S/abstract target=ref>TICv8</a>,124.5328604,-68.3144658,-17.5933,281.81705,10.6194,11.685,10.5976,0,0,0,0,0,0,0,0,0,0,0,0,34.635810264,-7.255115044879218,10.54329875226926,-32.18449175845057,0.0,0.0,0.0,0.0,0,circle,0,,,34.635810264,Sol,L 98-59,0.5537,Kapteyn,30,3,COCONUTS-2 A,5.3604,0.3071,GJ 341,6.3208,0.3918,HD 40307,13.8127,0.4745,GJ 367,14.7079,0.4038,HIP 56998,24.0205,0.3592,GJ 422,16.0367,0.333,GJ 238,18.4974,0.3293,True,Crystomorphs,,Crystomorphs,False
GJ 367,GJ 367,,HIP 47780,1.0,3.0,<a refstr=LAM_ET_AL__2021 href=https://ui.adsabs.harvard.edu/abs/2021Sci...374.1271L/abstract target=ref>Lam et al. 2021</a>,M1.0 V,3522.0,0.457,0.454,-0.01,[Fe/H],-1.54061,4.777,,6.710773,,58.0,<a refstr=STASSUN_ET_AL__2019 href=https://ui.adsabs.harvard.edu/abs/2019AJ....158..138S/abstract target=ref>TICv8</a>,146.121464,-45.7790165,5.6589,272.24323,9.41263,10.153,9.15159,0,0,0,0,0,0,0,0,0,0,0,0,30.6998575028,-17.7758058821199,11.935182236703804,-22.00121362357283,0.0,0.0,0.0,0.0,0,circle,0,,,30.6998575028,Sol,GJ 367,0.4862,Kapteyn,31,3,GJ 341,9.0469,0.3791,GJ 357,12.8781,0.412,GJ 433,13.1213,0.4105,HIP 56998,16.809,0.3653,GJ 422,15.4985,0.3341,GJ 393,22.7953,0.326,COCONUTS-2 A,19.3989,0.2582,True,Crystomorphs,,Crystomorphs,False
GJ 273,GJ 273,,HIP 36208,1.0,2.0,<a refstr=ASTUDILLO_DEFRU_ET_AL__2017 href=https://ui.adsabs.harvard.edu/abs/2017A&A...602A..88A/abstract target=ref>Astudillo-Defru et al. 2017</a>,M3.5,3382.0,0.293,0.29,0.09,[Fe/H],-2.05552,,,,,99.0,<a refstr=STASSUN_ET_AL__2019 href=https://ui.adsabs.harvard.edu/abs/2019AJ....158..138S/abstract target=ref>TICv8</a>,111.852091,5.225807,10.37353,212.34455,5.921535,9.84,,0,0,0,0,0,0,0,0,0,0,0,0,19.3134416946,-7.158811379268493,17.851219887499127,1.759090178167477,0.0,0.0,0.0,0.0,0,circle,0,,,19.3134416946,Sol,GJ 273,0.4525,Kapteyn,32,3,GJ 251,9.47,0.3913,HD 69830,24.1422,0.4529,GJ 357,20.72,0.3948,HD 260655,15.336,0.3683,GJ 411,18.4001,0.3631,GJ 393,16.6785,0.3318,HD 285968,21.1,0.327,True,Human,Turquenish Empire,Turquenish Empire,False
GJ 251,GJ 251,HD 265866,HIP 33226,1.0,2.0,<a refstr=STOCK_ET_AL__2020 href=https://ui.adsabs.harvard.edu/abs/2020A&A...643A.112S/abstract target=ref>Stock et al. 2020</a>,M3.0 V,3451.0,0.364,0.36,-0.03,[Fe/H],-1.77211,4.96,,,2.0,122.1,<a refstr=STASSUN_ET_AL__2019 href=https://ui.adsabs.harvard.edu/abs/2019AJ....158..138S/abstract target=ref>TICv8</a>,103.7002499,33.2664632,15.13189,182.93672,5.58057,9.89,8.85518,0,0,0,0,0,0,0,0,0,0,0,0,18.2013638892,-3.604428558588444,14.785679903784777,9.98405789125448,0.0,0.0,0.0,0.0,0,circle,0,,,18.2013638892,Sol,GJ 251,0.4525,Kapteyn,33,3,GJ 338 A,10.8289,0.3509,GJ 338 B,10.8299,0.3509,GJ 3378,12.4294,0.3479,GJ 411,15.6113,0.3676,HD 260655,15.9816,0.3668,HIP 48714,23.7665,0.3554,HD 285968,18.4125,0.3294,True,Human,Turquenish Empire,Turquenish Empire,False
GJ 849,GJ 849,,HIP 109388,1.0,2.0,<a refstr=PINAMONTI_ET_AL__2023 href=https://ui.adsabs.harvard.edu/abs/2023A&A...677A.122P/abstract target=ref>Pinamonti et al. 2023</a>,M3.5,3467.0,0.45,0.45,0.09,[Fe/H],-1.59,4.8,,,,40.45,<a refstr=STASSUN_ET_AL__2019 href=https://ui.adsabs.harvard.edu/abs/2019AJ....158..138S/abstract target=ref>TICv8</a>,332.4229938,-4.6408317,-45.40318,55.89444,8.80058,10.41,9.2245,0,2,0,0,1,0,0,0,0,0,0,0,28.7036197048,25.359171066684688,-13.2444984260208,-2.322388514339806,0.0,0.0,0.0,0.0,0,circle,0,,,28.7036197048,Sol,GJ 849,0.4525,GJ 876,34,3,HD 190007,23.2355,0.3357,AU Mic,17.5318,0.3317,GJ 9773,24.8646,0.3251,GJ 896 A,15.6435,0.3113,,,,,,,,,,True,Methan,,Methan,False
GJ 896,GJ 896 A,,HIP 116132 A,2.0,1.0,<a refstr=STASSUN_ET_AL__2019 href=https://ui.adsabs.harvard.edu/abs/2019AJ....158..138S/abstract target=ref>TICv8</a>,,3345.0,0.394682,0.385464,,,-1.75523,4.83156,,8.839089,,,<a refstr=STASSUN_ET_AL__2019 href=https://ui.adsabs.harvard.edu/abs/2019AJ....158..138S/abstract target=ref>TICv8</a>,352.9700384,19.9370011,-39.14311,98.57856,6.26022,10.05,9.03758,0,1,0,0,1,0,0,0,0,0,0,0,20.4180831432,19.05009106308536,-2.34916973856976,6.962294971499822,0.0,0.0,0.0,0.0,0,circle,0,,,20.418083143200004,Sol,GJ 896 A,0.3962,GJ 876,35,3,HD 3651,17.5766,0.3603,Gliese 48,22.002,0.3264,Gl 49,22.9129,0.3034,,,,,,,,,,,,,True,Methan,,Methan,False
GJ 180,GJ 180,,HIP 22762,1.0,3.0,<a refstr=STASSUN_ET_AL__2019 href=https://ui.adsabs.harvard.edu/abs/2019AJ....158..138S/abstract target=ref>TICv8</a>,,3556.0,0.413049,0.406131,,,-1.60946,4.81473,,8.125069,,,<a refstr=STASSUN_ET_AL__2019 href=https://ui.adsabs.harvard.edu/abs/2019AJ....158..138S/abstract target=ref>TICv8</a>,73.460097,-17.776194,-33.72746,216.96953,11.9407,10.914,9.93395,0,0,0,0,0,0,0,0,0,0,0,0,38.945309492,10.55773148785396,35.55136518915503,-11.889990346731937,0.0,0.0,0.0,0.0,0,circle,0,,,38.94530949200001,Sol,GJ 180,0.4862,HD 20794,36,3,GJ 179,16.7012,0.3317,HD 285968,23.3456,0.3257,,,,,,,,,,,,,,,,True,Human,Turquenish Empire,Turquenish Empire,False
HD 22496,HD 22496,HD 22496,HIP 16711,1.0,1.0,<a refstr=LILLO_BOX_ET_AL__2021 href=https://ui.adsabs.harvard.edu/abs/2021A&A...654A..60L/abstract target=ref>Lillo-Box et al. 2021</a>,,4385.0,0.674,0.684,-0.08,[Fe/H],-1.17393,4.69,,,,30.0,<a refstr=STASSUN_ET_AL__2019 href=https://ui.adsabs.harvard.edu/abs/2019AJ....158..138S/abstract target=ref>TICv8</a>,53.7565398,-48.4178173,-51.95852,258.09213,13.5956,8.57,8.01945,0,0,0,0,0,0,0,0,0,0,0,0,44.34286513599999,17.399579644683577,23.73571332639464,-33.16866336687399,0.0,0.0,0.0,0.0,0,circle,0,,,44.342865136,Sol,HD 22496,0.4187,HD 20794,37,3,GJ 163,7.7891,0.4321,HR 810,14.3716,0.3672,GJ 86,13.2222,0.2799,HD 40307,17.3945,0.4657,GJ 143,15.57,0.3876,LHS 1678,24.028,0.3704,HD 10647,20.0744,0.3576,True,Crystomorphs,,Crystomorphs,False
GJ 411,GJ 411,HD 95735,HIP 54035,1.0,2.0,<a refstr=HURT_ET_AL__2022 href=https://ui.adsabs.harvard.edu/abs/2022AJ....163..218H/abstract target=ref>Hurt et al. 2022</a>,,3719.0,0.3685,0.3899,-0.3621,[Fe/H],,4.895,8.047,,,56.16,<a refstr=STASSUN_ET_AL__2019 href=https://ui.adsabs.harvard.edu/abs/2019AJ....158..138S/abstract target=ref>TICv8</a>,165.834471,35.972317,65.43126,185.11257,5.675773,7.49,,0,0,1,0,0,1,0,0,0,0,0,0,18.51187418588,-14.526124889613149,3.666377132003676,10.873769369042742,0.0,0.0,0.0,0.0,0,circle,0,,,18.51187418588,Sol,GJ 411,0.4525,Gl 725 A,38,3,GJ 338 B,8.86,0.3375,GJ 338 A,8.8617,0.3375,GJ 436,14.2986,0.3476,GJ 393,13.4903,0.341,GJ 1148,17.9872,0.3935,HD 115404 A,23.2527,0.3695,HIP 48714,20.1853,0.3575,True,Human,Mardat Coalition,Mardat Coalition,False
HD 147379,HD 147379,HD 147379,HIP 79755,2.0,1.0,<a refstr=STALPORT_ET_AL_2023 href=https://ui.adsabs.harvard.edu/abs/2023A&A...678A..90S/abstract target=ref>Stalport et al. 2023</a>,M0.0 V,4090.0,,0.58,0.16,[Fe/H],,4.609,,,2.7,,<a refstr=STASSUN_ET_AL__2019 href=https://ui.adsabs.harvard.edu/abs/2019AJ....158..138S/abstract target=ref>TICv8</a>,244.1725686,67.2392041,39.47188,99.90191,10.7643,8.61,7.90052,0,1,0,0,1,0,0,0,0,1,1,1,35.108410308,-5.917557907226481,-12.226114833790122,32.37445132879442,1.0,1.0,1.0,1.0,0,circle,0,,,35.108410308,Sol,HD 147379,0.4563,Gl 725 A,39,3,HIP 79762,0.0149,0.3961,GJ 685,13.597,0.3405,HIP 48714,21.7428,0.3564,gam Cep,23.0992,0.3332,Gliese 48,21.3314,0.3269,GJ 3942,22.908,0.3259,GJ 649,24.734,0.3251,True,Methan,,Methan,False
Gl 686,Gl 686,,HIP 86287,1.0,1.0,<a refstr=LALITHA_ET_AL__2019 href=https://ui.adsabs.harvard.edu/abs/2019A&A...627A.116L/abstract target=ref>Lalitha et al. 2019</a>,M1.0 V,3654.0,0.427,0.426,-0.22,[Fe/H],-1.52288,4.88,,,2.0,38.4,<a refstr=STASSUN_ET_AL__2019 href=https://ui.adsabs.harvard.edu/abs/2019AJ....158..138S/abstract target=ref>TICv8</a>,264.4764878,18.5959509,24.29465,42.24615,8.15728,9.62,8.73899,0,0,0,0,0,0,0,0,0,0,0,0,26.6054581568,-2.42718612161758,-25.099327142443045,8.484276531377576,0.0,0.0,0.0,0.0,0,circle,0,,,26.6054581568,Sol,Gl 686,0.4187,GJ 625,40,3,GJ 649,9.4665,0.3576,GJ 740,15.7832,0.3335,HD 141004,20.1287,0.3277,,,,,,,,,,,,,True,Human,Industrial Hegemony,Industrial Hegemony,False
GJ 649,GJ 649,,HIP 83043,1.0,1.0,<a refstr=PINAMONTI_ET_AL__2023 href=https://ui.adsabs.harvard.edu/abs/2023A&A...677A.122P/abstract target=ref>Pinamonti et al. 2023</a>,M1.0,3734.0,0.5,0.51,-0.15,[Fe/H],-1.361,4.76,,,,24.89,<a refstr=STASSUN_ET_AL__2019 href=https://ui.adsabs.harvard.edu/abs/2019AJ....158..138S/abstract target=ref>TICv8</a>,254.5363221,25.7419719,35.33721,46.52106,10.3796,9.7,8.81875,0,1,0,0,1,0,0,0,0,0,0,0,33.853688176,-8.130541853126255,-29.39012438850231,14.703301694543516,0.0,0.0,0.0,0.0,0,circle,0,,,33.853688176,Sol,GJ 649,0.4187,GJ 625,41,3,GJ 3929,21.2148,0.3607,HD 141004,16.3798,0.3323,GJ 740,21.0864,0.327,HIP 79762,24.7388,0.3026,,,,,,,,,,True,Methan,,Methan,False
GJ 806,GJ 806,,HIP 102401,1.0,2.0,<a refstr=PALLE_ET_AL__2023 href=https://ui.adsabs.harvard.edu/abs/2023A&A...678A..80P/abstract target=ref>Palle et al. 2023</a>,M1.5 V,3600.0,0.4144,0.413,-0.28,[Fe/H],-1.58528,4.98,5.0,8.6,2.0,41.4,<a refstr=STASSUN_ET_AL__2019 href=https://ui.adsabs.harvard.edu/abs/2019AJ....158..138S/abstract target=ref>TICv8</a>,311.2697002,44.5002351,1.00774,84.07015,12.0445,10.79,9.82461,0,0,0,0,0,0,0,0,0,0,0,0,39.28385941999999,18.481529859510104,-21.05953450615773,27.53453597514057,0.0,0.0,0.0,0.0,0,circle,0,,,39.28385941999999,Sol,GJ 806,0.4525,Gl 725 B,42,3,HD 190360,18.4642,0.3942,G 264-012,22.7047,0.3598,TYC 2187-512-1,20.8979,0.3272,GJ 685,24.8835,0.325,GJ 720 B,20.9834,0.3046,GJ 720 A,21.0208,0.3046,,,,True,Human,Other Human,Other Human,True
Gliese 48,Gliese 48,,HIP 4856,1.0,1.0,<a refstr=CONZO_ET_AL_2026 href=https://ui.adsabs.harvard.edu/abs/2026OEJV..273....1C/abstract target=ref>Conzo et al. 2026</a>,M3.5 V,3450.0,0.463,0.47,,,-1.56384,,,,,51.5,<a refstr=STASSUN_ET_AL__2019 href=https://ui.adsabs.harvard.edu/abs/2019AJ....158..138S/abstract target=ref>TICv8</a>,15.6582402,71.6781735,8.82577,123.82195,8.23366,9.98,8.93343,0,0,0,0,0,0,0,0,0,0,0,0,26.8545761096,8.128558656527076,2.2784435415113,25.493204726394115,0.0,0.0,0.0,0.0,0,circle,0,,,26.8545761096,Sol,Gliese 48,0.4187,Gl 725 B,43,3,Gl 49,7.1228,0.3453,GJ 3378,13.8194,0.3395,ups And,24.7169,0.4,GJ 96,18.6949,0.3891,HIP 48714,22.9247,0.3558,gam Cep,19.7631,0.3354,GJ 338 A,20.6191,0.3049,True,Crystomorphs,,Crystomorphs,False
Gl 49,Gl 49,,HIP 4872,2.0,1.0,<a refstr=PERGER_ET_AL__2019 href=https://ui.adsabs.harvard.edu/abs/2019A&A...624A.123P/abstract target=ref>Perger et al. 2019</a>,M1.5 V,3805.0,0.511,0.515,0.13,[Fe/H],-1.30645,4.69,,,2.0,18.86,<a refstr=STASSUN_ET_AL__2019 href=https://ui.adsabs.harvard.edu/abs/2019AJ....158..138S/abstract target=ref>TICv8</a>,15.6687321,62.3454386,-0.49786,124.23545,9.8528,9.56,8.66282,0,0,0,0,0,0,0,0,0,0,0,0,32.135498368,14.3610960880829,4.028266881197929,28.46440304033135,0.0,0.0,0.0,0.0,0,circle,0,,,32.135498368,Sol,Gl 49,0.3962,HD 219134,44,3,GJ 96,13.104,0.4031,ups And,18.1852,0.4045,G 264-012,24.9859,0.3588,HD 3651,24.4485,0.3551,gam Cep,17.7744,0.3375,GJ 3378,18.1552,0.3297,,,,True,Crystomorphs,,Crystomorphs,False
GJ 96,GJ 96,,HIP 11048,1.0,1.0,<a refstr=HOBSON_ET_AL__2018 href=https://ui.adsabs.harvard.edu/abs/2018A&A...618A.103H/abstract target=ref>Hobson et al. 2018</a>,M2,3785.0,,0.6,0.14,[Fe/H],-1.05159,,,,,29.6,<a refstr=STASSUN_ET_AL__2019 href=https://ui.adsabs.harvard.edu/abs/2019AJ....158..138S/abstract target=ref>TICv8</a>,35.5624031,47.8802075,-12.26466,138.29282,11.9315,9.4,8.63186,0,1,0,0,1,0,0,0,0,1,1,1,38.91530314,21.231755121809755,15.179380597760716,28.86520045996432,1.0,1.0,1.0,1.0,0,circle,0,,,38.91530314,Sol,GJ 96,0.4788,HD 219134,45,3,ups And,8.8536,0.4349,HD 3651,21.9475,0.3563,GJ 3378,22.5941,0.3261,,,,,,,,,,,,,True,Methan,,Methan,False
GJ 3378,GJ 3378,,,1.0,1.0,<a refstr=ROBERTSON_ET_AL_2026 href=https://ui.adsabs.harvard.edu/abs/2026ApJ..1005...32R/abstract target=ref>Robertson et al. 2026</a>,M4 V,3340.0,0.275,0.262,-0.09,[Fe/H],-2.07058,4.97,,17.7,2.62,,<a refstr=STASSUN_ET_AL__2019 href=https://ui.adsabs.harvard.edu/abs/2019AJ....158..138S/abstract target=ref>TICv8</a>,90.2951302,59.5931917,17.17401,154.06787,7.72274,12.37,10.4084,0,0,0,0,0,0,0,0,0,0,0,0,25.1881798744,-0.0656679303492321,12.748481795084755,21.723634710343603,0.0,0.0,0.0,0.0,0,circle,0,,,25.1881798744,Sol,GJ 3378,0.4187,GJ 15 A,46,3,GJ 338 A,11.6163,0.3345,GJ 338 B,11.6179,0.3344,HIP 48714,16.7077,0.3616,HD 260655,22.09,0.3601,HD 285968,21.2313,0.3269,,,,,,,True,Crystomorphs,,Crystomorphs,False
GJ 514,GJ 514,,HIP 65859,1.0,1.0,<a refstr=DAMASSO_ET_AL_2022 href=https://ui.adsabs.harvard.edu/abs/2022A&A...666A.187D/abstract target=ref>Damasso et al. 2022</a>,M0.5-1.0 V,3728.0,0.5,0.51,-0.14,[Fe/H],-1.36653,4.76,0.8,,,28.0,<a refstr=STASSUN_ET_AL__2019 href=https://ui.adsabs.harvard.edu/abs/2019AJ....158..138S/abstract target=ref>TICv8</a>,202.5040424,10.3725387,70.9386,333.2377,7.61778,9.05,8.20621,0,0,0,0,0,0,0,0,0,0,0,0,24.8458465368,-22.578782815163283,-9.354304440083531,4.473437733794577,0.0,0.0,0.0,0.0,0,circle,0,,,24.8458465368,Sol,GJ 514,0.4187,GJ 581,47,3,GJ 486,4.8609,0.3803,HD 115404 A,11.6223,0.4006,GJ 536,11.8936,0.3871,Ross 458,13.2975,0.3195,GJ 433,23.7601,0.393,GJ 1148,23.2708,0.3894,GJ 436,16.2225,0.3425,True,Human,Mardat Coalition,Mardat Coalition,False
HIP 64797 A,HD 115404 A,HD 115404 A,HIP 64797 A,1.0,2.0,<a refstr=STASSUN_ET_AL__2019 href=https://ui.adsabs.harvard.edu/abs/2019AJ....158..138S/abstract target=ref>TICv8</a>,,5019.17,0.727007,0.83,-0.1568,[M/H],-0.5197,4.63407,,3.045281,,,<a refstr=STASSUN_ET_AL__2019 href=https://ui.adsabs.harvard.edu/abs/2019AJ....158..138S/abstract target=ref>TICv8</a>,199.2155793,17.0160384,78.30331,334.41024,10.9816,6.50066,6.28558,0,2,0,0,1,0,0,0,0,0,0,1,35.817147296,-32.34104833628498,-11.272205817331256,10.481507951872311,0.0,0.0,1.0,0.3333333333333333,0,circle,0,,,35.817147296,Sol,HD 115404 A,0.4624,GJ 581,48,3,Ross 458,4.2392,0.3617,GJ 3779,10.4493,0.3878,GJ 536,13.7259,0.3737,GJ 486,10.9188,0.3709,GJ 436,14.5683,0.3467,GJ 480,13.0275,0.3436,HD 128311,23.3919,0.3992,True,Methan,,Methan,False
GJ 536,GJ 536,HD 122303,HIP 68469,1.0,2.0,<a refstr=SUAREZ_MASCARENO_ET_AL_2025 href=https://ui.adsabs.harvard.edu/abs/2025A&A...702A.121S/abstract target=ref>Su&aacute;rez Mascare&ntilde;o et al. 2025</a>,,3641.0,0.529,0.528,-0.08,[Fe/H],-1.35291,4.713,4.2,,,43.63,<a refstr=STASSUN_ET_AL__2019 href=https://ui.adsabs.harvard.edu/abs/2019AJ....158..138S/abstract target=ref>TICv8</a>,210.2597264,-2.6522901,55.81739,335.05211,10.4092,9.71,8.85881,0,0,0,0,0,0,0,0,0,0,0,0,33.950230352,-29.293096792079883,-17.08989376009228,-1.5710355032462502,0.0,0.0,0.0,0.0,0,circle,0,,,33.950230352,Sol,GJ 536,0.4525,GJ 581,49,3,GJ 486,13.7311,0.3399,Ross 458,13.6221,0.3179,HD 128311,22.3276,0.3998,GJ 433,24.8205,0.3926,GJ 436,24.9985,0.335,HD 141004,18.1699,0.3297,GJ 480,21.2195,0.3269,True,Bazzar,,Bazzar,False
HD 285968,HD 285968,HD 285968,HIP 21932,1.0,1.0,<a refstr=ROSENTHAL_ET_AL__2021 href=https://ui.adsabs.harvard.edu/abs/2021ApJS..255....8R/abstract target=ref>Rosenthal et al. 2021</a>,,3703.49,0.478214,0.509289,0.147,[Fe/H],,4.78369,,,,,<a refstr=STASSUN_ET_AL__2019 href=https://ui.adsabs.harvard.edu/abs/2019AJ....158..138S/abstract target=ref>TICv8</a>,70.7353853,18.953358,-17.42723,180.02116,9.47045,9.95,8.99955,0,0,0,0,0,0,0,0,0,0,0,0,30.888440902,9.638541876245776,27.577943131359785,10.032514365785309,0.0,0.0,0.0,0.0,0,circle,0,,,30.888440902,Sol,HD 285968,0.4187,LTT 1445 A,50,3,HD 260655,14.9924,0.3692,GJ 179,12.2168,0.3498,,,,,,,,,,,,,,,,True,Echryon & Echtol,,Echryon & Echtol,False
GJ 86,GJ 86,HD 13445,HIP 10138,2.0,1.0,<a refstr=TURNBULL_2015 href=https://ui.adsabs.harvard.edu/abs/2015arXiv151001731T/abstract target=ref>Turnbull 2015</a>,K1V,5151.0,0.8,0.8,-0.27,[Fe/H],-0.377,4.54,11.3,,,,<a refstr=STASSUN_ET_AL__2019 href=https://ui.adsabs.harvard.edu/abs/2019AJ....158..138S/abstract target=ref>TICv8</a>,32.6224785,-50.8209945,-61.95722,275.90766,10.7836,6.12,5.88516,0,1,0,0,1,0,0,0,0,0,0,1,35.171358416,18.71403863548762,11.9784743907192,-27.263993875569568,0.0,0.0,1.0,0.3333333333333333,1,diamond,0,,,35.171358416,Sol,GJ 86,0.3562,LTT 1445 A,51,3,HD 40307,22.3389,0.4612,GJ 163,19.3939,0.3959,GJ 143,21.8092,0.3802,HR 810,21.6736,0.3565,HD 10647,21.7467,0.3564,HD 222237,17.2397,0.3309,GJ 3082,20.2442,0.3276,True,Methan,,Methan,False
HIP 86057,GJ 680,,HIP 86057,2.0,1.0,<a refstr=STASSUN_ET_AL__2019 href=https://ui.adsabs.harvard.edu/abs/2019AJ....158..138S/abstract target=ref>TICv8</a>,,3563.0,0.45933,0.456466,,,-1.51379,4.77323,,6.640479,,,<a refstr=STASSUN_ET_AL__2019 href=https://ui.adsabs.harvard.edu/abs/2019AJ....158..138S/abstract target=ref>TICv8</a>,263.8072214,-48.6788427,-8.6634,342.07898,9.67315,10.129,9.28322,0,0,0,0,0,0,0,0,0,0,0,0,31.549559114,-2.247179726786042,-20.70995167170584,-23.69436146679017,0.0,0.0,0.0,0.0,0,circle,0,,,31.549559114,Sol,GJ 680,0.3962,HIP 84709,52,3,HD 147513,14.5725,0.3742,HD 160691,19.4756,0.4295,WDS J17302-5138 B,20.6229,0.4061,GJ 676 A,20.8378,0.4059,HD 140901,23.7446,0.3593,HD 136352,22.0371,0.3439,AU Mic,21.3711,0.3281,True,Crystomorphs,,Crystomorphs,False
HD 147513,HD 147513,HD 147513,HIP 80337,2.0,1.0,<a refstr=TURNBULL_2015 href=https://ui.adsabs.harvard.edu/abs/2015arXiv151001731T/abstract target=ref>Turnbull 2015</a>,G3/5V,5930.0,0.98,1.07,0.09,[Fe/H],0.013,4.5,2.0,,,,<a refstr=STASSUN_ET_AL__2019 href=https://ui.adsabs.harvard.edu/abs/2019AJ....158..138S/abstract target=ref>TICv8</a>,246.0057894,-39.1929661,7.21242,341.6211,12.9032,5.37,5.22664,0,1,0,0,1,0,0,0,0,1,1,1,42.084560992,-13.263300127549824,-29.79796261819044,-26.59467178629641,1.0,1.0,1.0,1.0,0,circle,0,,,42.084560992,Sol,HD 147513,0.4563,HIP 84709,53,3,HD 140901,9.6046,0.3908,HD 136352,12.6832,0.3634,HD 160691,17.4674,0.4318,WDS J17302-5138 B,17.0259,0.41,GJ 676 A,17.1685,0.4097,HIP 79431,16.7331,0.3416,HD 154088,21.096,0.327,True,Methan,,Methan,False
AU Mic,AU Mic,HD 197481,HIP 102409,1.0,4.0,<a refstr=MALLORQUIN_ET_AL_2024 href=https://ui.adsabs.harvard.edu/abs/2024A&A...689A.132M/abstract target=ref>Mallorqu&iacute;n et al. 2024</a>,M1 V,3540.0,0.862,0.635,0.01,[Fe/H],-0.97757,4.37,0.019,,9.2,4.86,<a refstr=STASSUN_ET_AL__2019 href=https://ui.adsabs.harvard.edu/abs/2019AJ....158..138S/abstract target=ref>TICv8</a>,311.2911369,-31.34245,-36.80401,12.65304,9.7221,8.81,7.84038,0,1,0,0,1,0,0,0,0,0,0,0,31.709212476,17.871020337498624,-20.34850301644664,-16.493611276324117,0.0,0.0,0.0,0.0,2,square,0,,,31.709212476,Sol,AU Mic,0.42,HIP 84709,54,3,HD 190007,24.5028,0.3352,HD 211970,21.4983,0.3268,,,,,,,,,,,,,,,,True,Methan,,Methan,False
GJ 486,GJ 486,,HIP 62452,1.0,1.0,<a refstr=CABALLERO_ET_AL__2022 href=https://ui.adsabs.harvard.edu/abs/2022A&A...665A.120C/abstract target=ref>Caballero et al. 2022</a>,M3.5 V,3291.0,0.339,0.333,-0.15,[Fe/H],-1.9165,4.82,4.0,11.57,2.0,49.9,<a refstr=STASSUN_ET_AL__2019 href=https://ui.adsabs.harvard.edu/abs/2019AJ....158..138S/abstract target=ref>TICv8</a>,191.981531,9.7494181,72.60142,300.0371,8.07426,11.39,10.094,0,0,0,0,0,0,0,0,0,0,0,0,26.3346834456,-25.38892538282554,-5.3880295249813575,4.459501981522675,0.0,0.0,0.0,0.0,0,circle,0,,,26.3346834456,Sol,GJ 486,0.4187,HN Lib,55,3,GJ 436,12.7688,0.3552,Ross 458,11.4276,0.3374,GJ 433,21.9065,0.394,GJ 1148,21.3063,0.3905,GJ 393,15.4427,0.3343,GJ 480,20.1772,0.3277,GJ 3779,21.0696,0.327,True,Human,Mardat Coalition,Mardat Coalition,False
GJ 433,GJ 433,,HIP 56528,1.0,3.0,<a refstr=DELFOSSE_ET_AL__2013 href=https://ui.adsabs.harvard.edu/abs/2013A%26A...553A...8D/abstract target=ref> Delfosse et al. 2013 </a>,M1.5,3600.0,,0.48,-0.22,[Fe/H],-1.469,,,,,,<a refstr=STASSUN_ET_AL__2019 href=https://ui.adsabs.harvard.edu/abs/2019AJ....158..138S/abstract target=ref>TICv8</a>,173.8619194,-32.5436302,27.65117,284.88498,9.06456,9.81,8.89138,0,1,0,0,1,0,0,0,0,0,0,0,29.5646063136,-24.779554655153643,2.664829015556275,-15.904034201681654,0.0,0.0,0.0,0.0,0,circle,0,,,29.5646063136,Sol,GJ 433,0.4862,HN Lib,56,3,GJ 357,14.9515,0.4031,HIP 56998,14.1333,0.372,GJ 341,19.7955,0.3479,GJ 393,17.7626,0.3302,GJ 422,19.2496,0.3285,,,,,,,True,Methan,,Methan,False
HD 190007,HD 190007,HD 190007,HIP 98698,1.0,1.0,<a refstr=BURT_ET_AL__2021 href=https://ui.adsabs.harvard.edu/abs/2021AJ....161...10B/abstract target=ref>Burt et al. 2021</a>,,4610.0,0.79,0.77,0.16,[Fe/H],-0.68,4.58,1.0,,2.55,28.626,<a refstr=STASSUN_ET_AL__2019 href=https://ui.adsabs.harvard.edu/abs/2019AJ....158..138S/abstract target=ref>TICv8</a>,300.6956339,3.3266992,-14.22203,44.30037,12.7141,7.46,7.06341,0,1,0,0,1,0,0,0,0,0,0,1,41.467799996,21.13270328021792,-35.59770769758364,2.40634479157059,0.0,0.0,1.0,0.3333333333333333,0,circle,0,,,41.467799996,Sol,HD 190007,0.4287,HD 180617,57,3,GJ 740,12.2081,0.3499,HD 190360,23.9286,0.3903,HD 192263,23.0267,0.3557,LSPM J2116+0234,22.3851,0.3262,TYC 2187-512-1,23.4935,0.3256,,,,,,,True,Methan,,Methan,False
GJ 740,GJ 740,HD 176029,HIP 93101,1.0,1.0,<a refstr=TOLEDO_PADR_OACUTE_N_ET_AL__2021 href=https://ui.adsabs.harvard.edu/abs/2021A&A...648A..20T/abstract target=ref>Toledo-Padr&oacute;n et al. 2021</a>,M1.0 V,3913.0,0.56,0.58,0.08,[Fe/H],-1.206,4.68,,,0.92,35.563,<a refstr=STASSUN_ET_AL__2019 href=https://ui.adsabs.harvard.edu/abs/2019AJ....158..138S/abstract target=ref>TICv8</a>,284.4997178,5.902867,1.23509,38.93233,11.1017,9.22,8.45636,0,0,0,0,0,0,0,0,0,0,0,0,36.208860652,9.017732163751102,-34.86969154523876,3.723802878605065,0.0,0.0,0.0,0.0,0,circle,0,,,36.208860652,Sol,GJ 740,0.4187,HD 180617,58,3,GJ 724,24.5233,0.3252,,,,,,,,,,,,,,,,,,,True,Human,Industrial Hegemony,Industrial Hegemony,False
GJ 357,GJ 357,,HIP 47103,1.0,3.0,<a refstr=ODDO_ET_AL__2023 href=https://ui.adsabs.harvard.edu/abs/2023AJ....165..134O/abstract target=ref>Oddo et al. 2023</a>,M2.5 V,3505.0,0.337,0.342,-0.12,[Fe/H],,4.94,,,,77.8,<a refstr=STASSUN_ET_AL__2019 href=https://ui.adsabs.harvard.edu/abs/2019AJ....158..138S/abstract target=ref>TICv8</a>,144.0074644,-21.6650634,22.08045,253.88843,9.44181,10.91,9.88036,0,0,0,0,0,0,0,0,0,0,0,0,30.7950298236,-23.15593645909989,16.819163915553762,-11.368913480200115,0.0,0.0,0.0,0.0,0,circle,0,,,30.7950298236,Sol,GJ 357,0.4862,GJ 229,59,3,GJ 393,14.2877,0.3377,HD 69830,16.267,0.46,GJ 317,20.7011,0.361,HIP 56998,23.7733,0.3593,GJ 341,21.7254,0.3465,,,,,,,True,Aboreals,,Aboreals,False
HD 260655,HD 260655,HD 260655,HIP 31635,1.0,2.0,<a refstr=LUQUE_ET_AL_2022 href=https://ui.adsabs.harvard.edu/abs/2022A&A...664A.199L/abstract target=ref>Luque et al. 2022</a>,M0 V,3803.0,0.439,0.439,-0.43,[Fe/H],-1.43997,5.2,5.0,7.3,2.0,37.5,<a refstr=STASSUN_ET_AL__2019 href=https://ui.adsabs.harvard.edu/abs/2019AJ....158..138S/abstract target=ref>TICv8</a>,99.2915429,17.5662696,4.86549,195.67069,10.0055,9.63,8.876041,0,0,0,0,0,0,0,0,0,0,0,0,32.63353858,-5.023251904195725,30.70358766610599,9.84908548998771,0.0,0.0,0.0,0.0,0,circle,0,,,32.63353858,Sol,HD 260655,0.4525,GJ 229,60,3,55 Cnc,22.3415,0.606,55 Cnc B,22.1366,0.5064,GJ 179,19.1096,0.3286,GJ 338 A,23.7701,0.303,GJ 338 B,23.7714,0.303,,,,,,,True,Human,Turquenish Empire,Turquenish Empire,False
HIP 56998,HIP 56998,HD 101581,HIP 56998,1.0,2.0,<a refstr=KUNIMOTO_ET_AL__2025 href=https://ui.adsabs.harvard.edu/abs/2025AJ....169...47K/abstract target=ref>Kunimoto et al. 2025</a>,,4675.0,0.63,0.653,-0.343,[Fe/H],,4.654,6.88,,2.47,,<a refstr=STASSUN_ET_AL__2019 href=https://ui.adsabs.harvard.edu/abs/2019AJ....158..138S/abstract target=ref>TICv8</a>,175.2563039,-44.4041485,16.67814,289.89696,12.7781,7.77,7.38399,0,0,0,0,0,0,0,0,0,0,0,0,41.676539836,-29.672647894373423,2.4623196960215137,-29.16170299130034,0.0,0.0,0.0,0.0,0,circle,0,,,41.67653983599999,Sol,HIP 56998,0.4525,61 Vir,61,4,GJ 422,9.9078,0.3559,HD 113538,17.3742,0.3644,GJ 341,18.6139,0.3491,,,,,,,,,,,,,True,Aboreals,,Aboreals,False
GJ 393,GJ 393,,HIP 51317,1.0,1.0,<a refstr=AMADO_ET_AL__2021 href=https://ui.adsabs.harvard.edu/abs/2021A&A...650A.188A/abstract target=ref>Amado et al. 2021</a>,M2.0 V,3579.0,0.426,0.426,-0.09,[Fe/H],-1.57073,4.88,,,2.0,34.15,<a refstr=STASSUN_ET_AL__2019 href=https://ui.adsabs.harvard.edu/abs/2019AJ....158..138S/abstract target=ref>TICv8</a>,157.2288672,0.8378485,46.88333,244.47566,7.03149,9.65,8.67373,0,0,0,0,0,0,0,0,0,0,0,0,22.9336265244,-21.143879239397577,8.875535798479751,0.3353513982969349,0.0,0.0,0.0,0.0,0,circle,0,,,22.9336265244,Sol,GJ 393,0.4187,61 Vir,62,4,GJ 436,17.0598,0.3411,GJ 338 A,19.936,0.3054,GJ 338 B,19.9349,0.3054,Ross 458,24.5744,0.3027,GJ 414 A,22.5646,0.2874,GJ 414 B,22.5173,0.2874,Gl 410,19.8345,0.278,True,Human,Mardat Coalition,Mardat Coalition,False
COCONUTS-2,COCONUTS-2 A,,,1.0,1.0,<a refstr=ZHANG_ET_AL__2021 href=https://ui.adsabs.harvard.edu/abs/2021ApJ...916L..11Z/abstract target=ref>Zhang et al. 2021</a>,M3 V,3406.0,0.388,0.37,0.0,[Fe/H],-1.732,4.83,0.475,,,2.83,<a refstr=STASSUN_ET_AL__2019 href=https://ui.adsabs.harvard.edu/abs/2019AJ....158..138S/abstract target=ref>TICv8</a>,117.300914,-76.702696,-23.12313,288.91588,10.8864,11.298,10.146,0,1,0,0,1,0,0,0,0,0,1,1,35.506646784,-3.7457547868415806,7.2569829036504,-34.55470280666174,0.0,1.0,1.0,0.6666666666666666,2,square,0,,,35.506646784,Sol,COCONUTS-2 A,0.3486,L 98-59,63,4,HD 40307,14.6049,0.4716,GJ 341,11.0857,0.3866,LHS 475,14.6185,0.3365,HD 39091,24.8014,0.3926,HD 222237,16.9653,0.3313,GJ 422,18.2649,0.3295,GJ 238,19.9447,0.3279,True,Methan,,Methan,False
GJ 341,GJ 341,HD 304636,HIP 45908,1.0,1.0,<a refstr=DITOMASSO_ET_AL__2025 href=https://ui.adsabs.harvard.edu/abs/2025ApJ...979..214D/abstract target=ref>DiTomasso et al. 2025</a>,M1,3770.0,0.5066,0.48,-0.16,[Fe/H],,4.72,,,2.32,,<a refstr=STASSUN_ET_AL__2019 href=https://ui.adsabs.harvard.edu/abs/2019AJ....158..138S/abstract target=ref>TICv8</a>,140.3993759,-60.2811692,-7.30635,279.58436,10.454,9.49,8.67538,1,0,0,1,0,0,0,0,1,0,0,0,34.09634824,-13.02391755951916,10.77456057906956,-29.61160885588893,0.0,0.0,2.0,0.6666666666666666,0,circle,0,,,34.09634824,Sol,GJ 341,0.4386,L 98-59,64,4,GJ 422,12.1015,0.351,HD 40307,18.3937,0.4644,GJ 238,21.6112,0.3267,LHS 475,24.1504,0.3254,,,,,,,,,,True,Crystomorphs,,Crystomorphs,True
HD 40307,HD 40307,HD 40307,HIP 27887,1.0,5.0,<a refstr=TUOMI_ET_AL__2013 href=https://ui.adsabs.harvard.edu/abs/2013A%26A...549A..48T/abstract target=ref> Tuomi et al. 2013 </a>,K2.5 V,4956.0,,0.77,-0.31,[Fe/H],-0.639,4.47,4.5,,1.0,,<a refstr=STASSUN_ET_AL__2019 href=https://ui.adsabs.harvard.edu/abs/2019AJ....158..138S/abstract target=ref>TICv8</a>,88.5172191,-60.0237289,-30.34064,268.81455,12.9363,7.17,6.84367,0,0,0,0,0,0,0,0,0,0,0,0,42.192518628,0.5455061461056487,21.07406556151414,-36.54852680926676,0.0,0.0,0.0,0.0,0,circle,0,,,42.192518628,Sol,HD 40307,0.5537,L 98-59,65,4,GJ 238,8.5452,0.3613,GJ 163,14.3746,0.4049,HD 39091,24.9079,0.3925,GJ 143,18.1455,0.3833,bet Pic,23.6655,0.353,HD 27442,20.4352,0.3348,HD 222237,24.4451,0.3252,True,Crystomorphs,,Crystomorphs,False
GJ 422,GJ 422,HD 304043,HIP 55042,1.0,1.0,<a refstr=STASSUN_ET_AL__2019 href=https://ui.adsabs.harvard.edu/abs/2019AJ....158..138S/abstract target=ref>TICv8</a>,,3428.0,0.370328,0.357646,,,-1.76797,4.85435,,9.92794,,,<a refstr=STASSUN_ET_AL__2019 href=https://ui.adsabs.harvard.edu/abs/2019AJ....158..138S/abstract target=ref>TICv8</a>,168.9810458,-57.5425629,2.98047,290.36745,12.6631,11.66,10.4771,0,0,0,0,0,0,0,0,0,0,0,0,41.301460436,-21.756735331957685,4.236550780445257,-34.8497738776929,0.0,0.0,0.0,0.0,0,circle,0,,,41.301460436,Sol,GJ 422,0.4187,L 98-59,66,4,HD 113538,17.7739,0.3639,,,,,,,,,,,,,,,,,,,True,Crystomorphs,,Crystomorphs,False
GJ 238,GJ 238,,HIP 31300,1.0,1.0,<a refstr=TEY_ET_AL__2024 href=https://ui.adsabs.harvard.edu/abs/2024AJ....167..283T/abstract target=ref>Tey et al. 2024</a>,M2.5 V,3485.0,0.4314,0.4193,0.15,[Fe/H],-1.61618,,,,,44.0,<a refstr=STASSUN_ET_AL__2019 href=https://ui.adsabs.harvard.edu/abs/2019AJ....158..138S/abstract target=ref>TICv8</a>,98.454881,-58.5250316,-25.12418,267.83346,15.2142,11.62,10.5294,0,0,0,0,0,0,0,0,0,0,0,0,49.622026152,-3.809406987601921,25.627370836723795,-42.32105577404255,0.0,0.0,0.0,0.0,0,circle,0,,,49.622026152,Sol,GJ 238,0.4187,L 98-59,67,4,GJ 163,17.6999,0.3977,HD 39091,23.3061,0.3932,GJ 143,20.4852,0.3811,WD 0806-661,18.3434,0.3593,bet Pic,17.761,0.3576,HD 27442,19.3537,0.3358,,,,True,Crystomorphs,,Crystomorphs,False
HD 69830,HD 69830,HD 69830,HIP 40693,1.0,3.0,<a refstr=TURNBULL_2015 href=https://ui.adsabs.harvard.edu/abs/2015arXiv151001731T/abstract target=ref>Turnbull 2015</a>,K0V,5361.0,0.9,0.85,-0.06,[Fe/H],-0.201,4.47,9.4,,,,<a refstr=STASSUN_ET_AL__2019 href=https://ui.adsabs.harvard.edu/abs/2019AJ....158..138S/abstract target=ref>TICv8</a>,124.6010091,-12.6364246,12.82251,234.56776,12.5591,5.96004,5.75392,0,1,0,0,1,0,0,0,0,1,1,1,40.962258196,-22.6973312213158,32.90041495076818,-8.961051724709655,1.0,1.0,1.0,1.0,0,circle,0,,,40.962258196,Sol,HD 69830,0.5463,GJ 273,68,4,GJ 317,12.7974,0.3788,HIP 38594,20.7363,0.3385,,,,,,,,,,,,,,,,True,Methan,,Methan,False
GJ 338,GJ 338 A,HD 79210,HIP 45343,2.0,1.0,<a refstr=DITOMASSO_ET_AL_2023 href=https://ui.adsabs.harvard.edu/abs/2023AJ....165...38D/abstract target=ref>DiTomasso et al. 2023</a>,M0 V,4001.0,0.58,0.69,-0.05,[Fe/H],-1.10292,4.68,4.0,,2.9,16.3,<a refstr=STASSUN_ET_AL__2019 href=https://ui.adsabs.harvard.edu/abs/2019AJ....158..138S/abstract target=ref>TICv8</a>,138.5839158,52.6841592,42.66141,164.94047,6.33278,7.64,6.96885,0,0,0,0,0,0,0,0,0,0,0,0,20.6547419368,-9.389872940372554,8.28297246298289,16.426838339039286,0.0,0.0,0.0,0.0,0,circle,0,,,20.6547419368,Sol,GJ 338 A,0.3962,GJ 251,69,4,GJ 338 B,0.0019,0.3962,HIP 48714,14.6935,0.3662,55 Cnc,23.8928,0.6053,55 Cnc B,23.5671,0.5056,GJ 1148,19.6814,0.3917,GJ 436,20.0077,0.3378,GJ 414 A,23.5355,0.2869,True,Crystomorphs,,Crystomorphs,False
GJ 338,GJ 338 B,HD 79211,HIP 120005,2.0,1.0,<a refstr=GONZ_AACUTE_LEZ__AACUTE_LVAREZ_ET_AL__2020 href=https://ui.adsabs.harvard.edu/abs/2020A&A...637A..93G/abstract target=ref>Gonz&aacute;lez-&Aacute;lvarez et al. 2020</a>,M0.0 V,4005.0,0.58,0.64,-0.03,[Fe/H],-1.10127,4.68,4.0,,2.3,16.61,<a refstr=STASSUN_ET_AL__2019 href=https://ui.adsabs.harvard.edu/abs/2019AJ....158..138S/abstract target=ref>TICv8</a>,138.5916722,52.6835211,42.66615,164.94013,6.33256,7.7,7.04775,0,0,0,0,0,0,0,0,0,0,0,0,20.6540243936,-9.390805123398438,8.281534529203217,16.42612822996924,0.0,0.0,0.0,0.0,0,circle,0,,,20.6540243936,Sol,GJ 338 B,0.3962,GJ 251,70,4,HIP 48714,14.6939,0.3662,55 Cnc,23.8934,0.6053,55 Cnc B,23.5677,0.5056,GJ 1148,19.6804,0.3917,GJ 414 A,23.5346,0.2869,GJ 414 B,23.4852,0.2869,,,,True,Crystomorphs,,Crystomorphs,False
HIP 48714,HIP 48714,,HIP 48714,1.0,1.0,<a refstr=STASSUN_ET_AL__2019 href=https://ui.adsabs.harvard.edu/abs/2019AJ....158..138S/abstract target=ref>TICv8</a>,,3831.0,0.595456,0.584366,,,-1.16236,4.65505,,3.902131,,,<a refstr=STASSUN_ET_AL__2019 href=https://ui.adsabs.harvard.edu/abs/2019AJ....158..138S/abstract target=ref>TICv8</a>,149.0332672,62.7859505,44.35805,149.22209,10.5298,8.99,8.22861,0,1,0,0,1,0,0,0,0,0,1,1,34.343574487999994,-13.467249521573953,8.081301151493145,30.541887149214368,0.0,1.0,1.0,0.6666666666666666,0,circle,0,,,34.34357448799999,Sol,HIP 48714,0.4486,GJ 251,71,4,55 Cnc,24.1445,0.6052,55 Cnc B,23.9587,0.5054,47 UMa,19.6633,0.4354,GJ 1148,15.4345,0.3979,Gl 378,17.8425,0.3301,HD 238090,20.6592,0.3273,HIP 79762,21.7347,0.3041,True,Methan,,Methan,False
GJ 9773,GJ 9773,,HIP 109638,1.0,1.0,<a refstr=MORALES_ET_AL_2025 href=https://ui.adsabs.harvard.edu/abs/2025A&A...700A.242M/abstract target=ref>Morales et al. 2025</a>,M3.0 V,3528.0,0.362,0.358,-0.2,[Fe/H],,,,,2.0,56.0,<a refstr=STASSUN_ET_AL__2019 href=https://ui.adsabs.harvard.edu/abs/2019AJ....158..138S/abstract target=ref>TICv8</a>,333.1502333,8.5503355,-37.53603,70.11203,15.9211,12.033,10.9047,0,1,0,0,1,0,0,0,0,0,0,0,51.927622916,45.81458260108256,-23.192581097687253,7.720506772360962,0.0,0.0,0.0,0.0,0,circle,0,,,51.927622916,Sol,GJ 9773,0.4187,GJ 849,72,4,HN Peg,11.4668,0.3593,51 Peg,14.6081,0.3366,HD 217107,20.9482,0.3609,HD 210277,24.3155,0.3353,LSPM J2116+0234,15.4777,0.3342,TYC 2187-512-1,16.7862,0.3316,,,,True,Methan,,Methan,False
HD 3651,HD 3651,HD 3651,HIP 3093,1.0,1.0,<a refstr=TURNBULL_2015 href=https://ui.adsabs.harvard.edu/abs/2015arXiv151001731T/abstract target=ref>Turnbull 2015</a>,K0V,5221.0,0.88,0.88,0.16,[Fe/H],-0.268,4.51,8.2,,,,<a refstr=STASSUN_ET_AL__2019 href=https://ui.adsabs.harvard.edu/abs/2019AJ....158..138S/abstract target=ref>TICv8</a>,9.8387218,21.2488844,-41.53458,119.16987,11.1336,5.88437,5.65255,0,1,0,0,1,0,0,0,0,0,1,1,36.312904416,33.34641061637118,5.7831366295071485,13.160518867216922,0.0,1.0,1.0,0.6666666666666666,0,circle,0,,,36.312904416,Sol,HD 3651,0.4486,GJ 896 A,73,4,ups And,17.8522,0.4049,51 Peg,22.5741,0.3261,,,,,,,,,,,,,,,,True,Methan,,Methan,False
GJ 179,GJ 179,,HIP 22627,1.0,1.0,<a refstr=HOWARD_ET_AL__2010 href=https://ui.adsabs.harvard.edu/abs/2010ApJ...721.1467H/abstract target=ref> Howard et al. 2010 </a>,M3.5 V,3370.0,0.38,0.357,0.3,[Fe/H],-1.796,4.83,,,1.5,,<a refstr=STASSUN_ET_AL__2019 href=https://ui.adsabs.harvard.edu/abs/2019AJ....158..138S/abstract target=ref>TICv8</a>,73.0245495,6.4752347,-22.86269,192.2274,12.356,11.963,10.7055,0,1,0,0,1,0,0,0,0,0,0,0,40.29983536,11.690958690671923,38.29808534025631,4.544763382900491,0.0,0.0,0.0,0.0,0,circle,0,,,40.29983535999999,Sol,GJ 179,0.4187,GJ 180,74,4,,,,,,,,,,,,,,,,,,,,,,True,Methan,,Methan,False
GJ 163,GJ 163,,HIP 19394,1.0,3.0,<a refstr=TUOMI_ET_AL__2013 href=https://ui.adsabs.harvard.edu/abs/2013A%26A...556A.111T/abstract target=ref> Tuomi et al. 2013 </a>,M3.5 V,3500.0,,0.4,0.1,[Fe/H],-1.708,,6.0,,,,<a refstr=STASSUN_ET_AL__2019 href=https://ui.adsabs.harvard.edu/abs/2019AJ....158..138S/abstract target=ref>TICv8</a>,62.3228353,-53.3711768,-45.32001,262.77663,15.1285,11.79,10.6771,0,1,0,0,1,0,0,0,0,0,0,0,49.34251046,13.674168139314432,26.070693108191733,-39.598225024001415,0.0,0.0,0.0,0.0,0,circle,0,,,49.34251046,Sol,GJ 163,0.4862,HD 22496,75,4,GJ 143,10.9869,0.4227,HR 810,14.329,0.3674,HD 27442,11.7209,0.3629,TOI-270,24.3318,0.3928,LHS 1678,20.8368,0.3722,HD 10647,21.029,0.3569,bet Pic,21.1255,0.3544,True,Methan,,Methan,False
HR 810,HR 810,HD 17051,HIP 12653,1.0,1.0,<a refstr=TURNBULL_2015 href=https://ui.adsabs.harvard.edu/abs/2015arXiv151001731T/abstract target=ref>Turnbull 2015</a>,G0V,6097.0,1.18,1.15,0.11,[Fe/H],0.25,4.38,2.72,,,,<a refstr=STASSUN_ET_AL__2019 href=https://ui.adsabs.harvard.edu/abs/2019AJ....158..138S/abstract target=ref>TICv8</a>,40.6417178,-50.7993484,-58.32307,268.80649,17.3181,5.4,5.25587,0,1,0,0,1,0,0,0,0,0,1,1,56.484022236,27.08910422304601,23.252405427783227,-43.77157573325285,0.0,1.0,1.0,0.6666666666666666,0,circle,0,,,56.484022236,Sol,HR 810,0.4486,HD 22496,76,4,HD 10647,9.4856,0.3873,GJ 143,13.766,0.3934,GJ 3082,13.4261,0.3413,HD 21175 B,12.8785,0.322,GJ 3222,13.3518,0.3192,LHS 1678,24.6467,0.3701,GJ 3090,22.907,0.3597,True,Methan,,Methan,False
GJ 143,GJ 143,HD 21749,HIP 16069,1.0,2.0,<a refstr=DRAGOMIR_ET_AL__2019 href=https://ui.adsabs.harvard.edu/abs/2019ApJ...875L...7D/abstract target=ref>Dragomir et al. 2019</a>,K4.5,4640.0,0.695,0.73,0.003,[Fe/H],-0.6862,4.613,3.8,3.03,,,<a refstr=STASSUN_ET_AL__2019 href=https://ui.adsabs.harvard.edu/abs/2019AJ....158..138S/abstract target=ref>TICv8</a>,51.7501882,-63.500166,-45.82079,279.23027,16.32,8.08,7.67906,1,0,0,1,0,0,0,0,1,0,0,0,53.2286592,14.703651148724354,18.65161857713282,-47.63622495097104,0.0,0.0,2.0,0.6666666666666666,0,circle,0,,,53.2286592,Sol,GJ 143,0.4724,HD 22496,77,4,HD 27442,9.5409,0.3646,HD 39091,19.7522,0.3956,HD 10647,16.1363,0.3626,GJ 3021,20.4798,0.3348,GJ 3082,18.0862,0.3298,HD 222237,23.2941,0.3257,HD 21175 B,22.9579,0.3034,True,Crystomorphs,,Crystomorphs,True
LHS 1678,LHS 1678,,,2.0,3.0,<a refstr=SILVERSTEIN_ET_AL__2022 href=https://ui.adsabs.harvard.edu/abs/2022AJ....163..151S/abstract target=ref>Silverstein et al. 2022</a>,M2.0 V,3490.0,0.329,0.345,,,-1.83863,,7.0,13.9,0.53,64.0,<a refstr=STASSUN_ET_AL__2019 href=https://ui.adsabs.harvard.edu/abs/2019AJ....158..138S/abstract target=ref>TICv8</a>,68.1789866,-39.7908744,-42.91686,243.29836,19.8782,12.6,11.5403,0,0,0,0,0,0,0,0,0,0,0,0,64.83394199199999,18.5175646476044,46.24801605486757,-41.49290113661039,0.0,0.0,0.0,0.0,0,circle,0,,,64.83394199199999,Sol,LHS 1678,0.4637,HD 22496,78,4,GJ 3293,16.6871,0.503,TOI-270,16.898,0.3989,bet Pic,19.3108,0.3559,HD 27442,21.8825,0.3339,GJ 3341,19.3382,0.3284,GJ 3222,15.2788,0.3122,HD 21175 B,15.7852,0.311,True,Human,Turquenish Empire,Turquenish Empire,False
HD 10647,HD 10647,HD 10647,HIP 7978,1.0,1.0,<a refstr=TURNBULL_2015 href=https://ui.adsabs.harvard.edu/abs/2015arXiv151001731T/abstract target=ref>Turnbull 2015</a>,F8V,6105.0,1.14,1.1,-0.08,[Fe/H],0.215,4.39,2.92,,,,<a refstr=STASSUN_ET_AL__2019 href=https://ui.adsabs.harvard.edu/abs/2019AJ....158..138S/abstract target=ref>TICv8</a>,25.6233526,-53.7412852,-61.7687,286.89639,17.3357,5.52,5.38178,0,1,0,0,1,0,0,0,0,0,1,1,56.541425692,30.151771851907657,14.461421801411134,-45.59244184024516,0.0,1.0,1.0,0.6666666666666666,0,circle,0,,,56.541425692,Sol,HD 10647,0.4486,HD 22496,79,4,GJ 3082,4.6176,0.3818,GJ 3090,18.8942,0.3626,HD 4308,21.6921,0.3366,HD 27442,21.983,0.3338,HD 21175 B,21.6582,0.3042,GJ 3222,22.1467,0.3039,,,,True,Methan,,Methan,False
GJ 436,GJ 436,,HIP 57087,1.0,1.0,<a refstr=TORRES_ET_AL__2008 href=https://ui.adsabs.harvard.edu/abs/2008ApJ...677.1324T/abstract target=ref> Torres et al. 2008 </a>,,3350.0,0.464,0.452,-0.03,[Fe/H],-1.585,4.843,6.0,6.43,,,<a refstr=STASSUN_ET_AL__2019 href=https://ui.adsabs.harvard.edu/abs/2019AJ....158..138S/abstract target=ref>TICv8</a>,175.5505363,26.7030669,74.57238,210.55638,9.75321,10.67,9.57148,0,1,0,0,1,0,0,0,0,0,0,1,31.8106796076,-28.33233830715126,2.204660510189197,14.294663870875729,0.0,0.0,1.0,0.3333333333333333,0,circle,0,,,31.8106796076,Sol,GJ 436,0.4287,GJ 411,80,4,GJ 414 B,8.3987,0.3232,GJ 414 A,8.4422,0.323,Gl 410,9.4582,0.3076,GJ 1148,10.2953,0.4596,55 Cnc,24.9717,0.6048,55 Cnc B,24.7409,0.5051,47 UMa,17.0136,0.4385,True,Methan,,Methan,False
GJ 1148,GJ 1148,,HIP 57050,1.0,2.0,<a refstr=ROSENTHAL_ET_AL__2021 href=https://ui.adsabs.harvard.edu/abs/2021ApJS..255....8R/abstract target=ref>Rosenthal et al. 2021</a>,,3357.57,0.36664,0.373585,0.1596,[Fe/H],,4.880226,,,,,<a refstr=STASSUN_ET_AL__2019 href=https://ui.adsabs.harvard.edu/abs/2019AJ....158..138S/abstract target=ref>TICv8</a>,175.4326081,42.7515862,68.91636,160.61794,11.0143,11.939,10.5769,0,2,0,0,1,0,0,0,0,0,1,1,35.923800308,-26.295209941972395,2.1006010734664127,24.385832727360544,0.0,1.0,1.0,0.6666666666666666,0,circle,0,,,35.923800308,Sol,GJ 1148,0.4823,GJ 411,81,4,GJ 414 B,9.3562,0.3192,GJ 414 A,9.3752,0.3192,47 UMa,10.7545,0.483,Gl 410,14.7841,0.286,55 Cnc,24.8033,0.6049,55 Cnc B,24.6259,0.5051,HD 238090,16.6653,0.3318,True,Methan,,Methan,False
HD 147379,HIP 79762,HD 147379 B,HIP 79762,2.0,1.0,<a refstr=TURNBULL_2015 href=https://ui.adsabs.harvard.edu/abs/2015arXiv151001731T/abstract target=ref>Turnbull 2015</a>,M3,3419.0,0.5,0.41,,,-1.523,,,,,,<a refstr=STASSUN_ET_AL__2019 href=https://ui.adsabs.harvard.edu/abs/2019AJ....158..138S/abstract target=ref>TICv8</a>,244.1834312,67.2566283,39.4605,99.91985,10.7612,10.615,9.60855,0,0,0,0,0,0,0,0,0,0,0,0,35.098299472,-5.909249731812442,-12.214854446522828,32.36925585001193,0.0,0.0,0.0,0.0,0,circle,0,,,35.098299472,Sol,HIP 79762,0.3962,HD 147379,82,4,GJ 685,13.6063,0.3405,gam Cep,23.0909,0.3332,GJ 3942,22.9226,0.3259,,,,,,,,,,,,,True,Crystomorphs,,Crystomorphs,False
GJ 685,GJ 685,,HIP 86087,1.0,1.0,<a refstr=PINAMONTI_ET_AL__2019 href=https://ui.adsabs.harvard.edu/abs/2019A&A...625A.126P/abstract target=ref>Pinamonti et al. 2019</a>,M0.5,3816.0,0.54,0.55,-0.15,[Fe/H],-1.253,4.72,,,1.33,18.15,<a refstr=STASSUN_ET_AL__2019 href=https://ui.adsabs.harvard.edu/abs/2019AJ....158..138S/abstract target=ref>TICv8</a>,263.8960378,61.6793482,32.5891,90.75762,14.3155,9.98,9.1671,0,0,0,0,0,0,0,0,0,0,0,0,46.69086218,-2.3553151711790226,-22.02482399887536,41.102265501730336,0.0,0.0,0.0,0.0,0,circle,0,,,46.69086218,Sol,GJ 685,0.4187,HD 147379,83,4,HD 153557,18.2517,0.417,14 Her,23.0235,0.3596,G 264-012,23.3301,0.3595,GJ 3942,15.3705,0.3344,gam Cep,24.6877,0.3325,HD 154345,19.1256,0.3286,GJ 720 B,15.8409,0.3109,True,Crystomorphs,,Crystomorphs,False
gam Cep,gam Cep,HD 222404,HIP 116727,2.0,1.0,<a refstr=KNUDSTRUP_ET_AL__2023 href=https://ui.adsabs.harvard.edu/abs/2023A&A...675A.197K/abstract target=ref>Knudstrup et al. 2023</a>,K1 III-IV,4775.0,4.74,1.27,0.18,[Fe/H],,3.189,5.7,,0.0,,<a refstr=STASSUN_ET_AL__2019 href=https://ui.adsabs.harvard.edu/abs/2019AJ....158..138S/abstract target=ref>TICv8</a>,354.8358233,77.6331009,15.31627,118.99221,14.1024,3.23006,2.92627,0,1,0,0,1,0,0,0,0,0,1,1,45.99582374399999,9.810987422901375,-0.8866851785619879,44.92854456880284,0.0,1.0,1.0,0.6666666666666666,0,circle,0,,,45.99582374399999,Sol,gam Cep,0.4261,HD 147379,84,4,HD 7924,10.6888,0.4455,G 264-012,13.1219,0.3768,HD 216520,18.7687,0.3627,TOI-6324,24.1229,0.3254,,,,,,,,,,True,Methan,,Methan,False
GJ 3942,GJ 3942,,HIP 79126,1.0,1.0,<a refstr=PERGER_ET_AL__2017 href=https://ui.adsabs.harvard.edu/abs/2017A&A...608A..63P/abstract target=ref>Perger et al. 2017</a>,M0,3867.0,0.61,0.63,-0.04,[Fe/H],-1.12,4.65,,,1.67,,<a refstr=STASSUN_ET_AL__2019 href=https://ui.adsabs.harvard.edu/abs/2019AJ....158..138S/abstract target=ref>TICv8</a>,242.2645452,52.9441443,45.46907,82.20459,16.9287,10.166,9.40765,0,0,0,0,0,0,0,0,0,0,0,0,55.213970772,-15.48425012460112,-29.44885889877387,44.06342333557581,0.0,0.0,0.0,0.0,0,circle,0,,,55.213970772,Sol,GJ 3942,0.4187,HD 147379,85,4,14 Her,9.6202,0.3907,HD 153557,10.0551,0.5009,HD 154345,11.2856,0.3625,rho CrB,19.2656,0.3858,GJ 3929,16.7635,0.3654,GJ 720 B,22.988,0.3034,GJ 720 A,22.9766,0.3034,True,Crystomorphs,,Crystomorphs,False
HD 141004,HD 141004,HD 141004,HIP 77257,1.0,1.0,<a refstr=TURNBULL_2015 href=https://ui.adsabs.harvard.edu/abs/2015arXiv151001731T/abstract target=ref>Turnbull 2015</a>,G0Vvar,5936.0,1.34,1.11,0.05,[Fe/H],0.346,4.25,6.32,,,,<a refstr=STASSUN_ET_AL__2019 href=https://ui.adsabs.harvard.edu/abs/2019AJ....158..138S/abstract target=ref>TICv8</a>,236.6099205,7.3527684,44.10377,15.69566,11.8148,4.4154,4.27965,0,0,0,0,0,0,0,0,0,0,0,0,38.534679088,-21.03264271359517,-31.90969780841293,4.931593928251124,0.0,0.0,0.0,0.0,0,circle,0,,,38.534679088,Sol,HD 141004,0.4187,Gl 686,86,4,HD 128311,20.2069,0.4012,HIP 79431,21.8442,0.3365,,,,,,,,,,,,,,,,True,Human,Mardat Coalition,Mardat Coalition,False
GJ 3929,GJ 3929,,,1.0,2.0,<a refstr=KEMMER_ET_AL_2022 href=https://ui.adsabs.harvard.edu/abs/2022A&A...659A..17K/abstract target=ref>Kemmer et al. 2022</a>,M3.5 V,3369.0,0.315,0.309,0.0,[Fe/H],-1.93742,4.84,,14.96,2.0,122.0,<a refstr=STASSUN_ET_AL__2019 href=https://ui.adsabs.harvard.edu/abs/2019AJ....158..138S/abstract target=ref>TICv8</a>,239.5775678,35.4081141,49.59735,56.66419,15.8095,12.675,11.5109,0,0,0,0,0,0,0,0,0,0,0,0,51.56363282,-21.281129509087165,-36.24029121328301,29.87579369974432,0.0,0.0,0.0,0.0,0,circle,0,,,51.56363281999999,Sol,GJ 3929,0.4525,GJ 649,87,4,rho CrB,5.7869,0.4321,14 Her,10.8494,0.4066,HD 153557,17.0657,0.4185,HD 154345,18.0519,0.3298,,,,,,,,,,True,Human,Mardat Coalition,Mardat Coalition,False
HD 190360,HD 190360,HD 190360,HIP 98767,2.0,3.0,<a refstr=NAEF_ET_AL__2003 href=https://ui.adsabs.harvard.edu/abs/2003A&A...410.1051N/abstract target=ref> Naef et al. 2003 </a>,G6 IV,5590.0,1.13,0.96,0.25,[Fe/H],0.053,4.48,6.7,,1.0,,<a refstr=STASSUN_ET_AL__2019 href=https://ui.adsabs.harvard.edu/abs/2019AJ....158..138S/abstract target=ref>TICv8</a>,300.9092476,29.894541,-0.67616,67.41056,16.0069,5.738,5.55436,0,2,0,0,1,0,0,0,0,0,0,2,52.207464764,23.24963850689409,-38.83309009007273,26.020468874317856,0.0,0.0,2.0,0.6666666666666666,0,circle,0,,,52.207464764,Sol,HD 190360,0.4836,GJ 806,88,4,HD 189733,14.2628,0.3153,TOI-5789,20.3027,0.4288,TYC 2187-512-1,16.9148,0.3314,GJ 720 B,20.9313,0.3046,GJ 720 A,20.945,0.3046,,,,,,,True,Methan,,Methan,False
G 264-012,G 264-012,,,1.0,2.0,<a refstr=AMADO_ET_AL__2021 href=https://ui.adsabs.harvard.edu/abs/2021A&A...650A.188A/abstract target=ref>Amado et al. 2021</a>,M4.0 V,3326.0,0.305,0.297,0.1,[Fe/H],-1.97224,4.85,,,2.0,100.0,<a refstr=STASSUN_ET_AL__2019 href=https://ui.adsabs.harvard.edu/abs/2019AJ....158..138S/abstract target=ref>TICv8</a>,326.6719598,66.803848,10.16235,106.14833,16.009,13.078,11.7617,0,0,0,0,0,0,0,0,0,0,0,0,52.21431404,17.183839509547493,-11.299714970919606,47.99340258779149,0.0,0.0,0.0,0.0,0,circle,0,,,52.214314040000005,Sol,G 264-012,0.4525,GJ 806,89,4,TOI-6324,14.9182,0.3356,HD 7924,17.6432,0.3978,HD 216520,20.7605,0.361,GJ 4276,19.5675,0.3581,,,,,,,,,,True,Crystomorphs,,Crystomorphs,False
TYC 2187-512-1,TYC 2187-512-1,,,1.0,1.0,<a refstr=QUIRRENBACH_ET_AL_2022 href=https://ui.adsabs.harvard.edu/abs/2022A&A...663A..48Q/abstract target=ref>Quirrenbach et al. 2022</a>,M1.0 V,3734.0,0.495,0.498,0.08,[Fe/H],-1.38091,4.68,,,2.0,40.0,<a refstr=STASSUN_ET_AL__2019 href=https://ui.adsabs.harvard.edu/abs/2019AJ....158..138S/abstract target=ref>TICv8</a>,320.5266829,22.9319351,-18.8565,72.54584,15.4744,10.58,9.77026,0,1,0,0,1,0,0,0,0,0,0,0,50.470684064,35.88034492672866,-29.549420282477755,19.665262744153004,0.0,0.0,0.0,0.0,0,circle,0,,,50.470684064,Sol,TYC 2187-512-1,0.4187,GJ 806,90,4,HN Peg,12.656,0.3461,TOI-5789,24.3819,0.4265,51 Peg,19.4333,0.3283,LSPM J2116+0234,20.3308,0.3276,TOI-6255,24.6515,0.3251,HD 189733,23.2511,0.3033,,,,True,Methan,,Methan,False
GJ 720,GJ 720 B,,,2.0,1.0,<a refstr=STASSUN_ET_AL__2019 href=https://ui.adsabs.harvard.edu/abs/2019AJ....158..138S/abstract target=ref>TICv8</a>,,3311.0,0.297321,0.273564,,,-2.01902,4.92868,,14.674036,,,<a refstr=STASSUN_ET_AL__2019 href=https://ui.adsabs.harvard.edu/abs/2019AJ....158..138S/abstract target=ref>TICv8</a>,278.8665175,45.7629299,21.71119,74.42165,15.5489,13.026,11.7656,0,0,0,0,0,0,0,0,0,0,0,0,50.713670284,5.453120785274095,-34.95653761580352,36.3342855343323,0.0,0.0,0.0,0.0,0,circle,0,,,50.713670284,Sol,GJ 720 B,0.3962,GJ 806,91,4,GJ 720 A,0.0393,0.3959,TOI-2134,24.7486,0.4188,HD 153557,17.7087,0.4176,HD 154345,17.7146,0.3302,HIP 96895,22.0363,0.2814,16 Cyg B,22.0417,0.2613,,,,True,Crystomorphs,,Crystomorphs,False
GJ 720,GJ 720 A,,HIP 91128,2.0,1.0,<a refstr=GONZ_AACUTE_LEZ__AACUTE_LVAREZ_ET_AL__2021 href=https://ui.adsabs.harvard.edu/abs/2021A&A...649A.157G/abstract target=ref>Gonz&aacute;lez-&Aacute;lvarez et al. 2021</a>,M0.5 V,3837.0,0.56,0.57,-0.14,[Fe/H],-1.217,4.71,,,0.99,36.05,<a refstr=STASSUN_ET_AL__2019 href=https://ui.adsabs.harvard.edu/abs/2019AJ....158..138S/abstract target=ref>TICv8</a>,278.8294172,45.7456038,21.73083,74.39563,15.5575,9.84,9.10496,0,0,0,0,0,0,0,0,0,0,0,0,50.7417197,5.435175245181339,-34.99025909615512,36.34367560596299,0.0,0.0,0.0,0.0,0,circle,0,,,50.7417197,Sol,GJ 720 A,0.3962,GJ 806,92,4,TOI-2134,24.7118,0.4189,HD 153557,17.6828,0.4177,HD 154345,17.6867,0.3303,HIP 96895,22.0329,0.2814,16 Cyg B,22.0384,0.2613,,,,,,,True,Crystomorphs,,Crystomorphs,False
ups And,ups And,HD 9826,HIP 7513,2.0,3.0,<a refstr=BUTLER_ET_AL__1997 href=https://ui.adsabs.harvard.edu/abs/1997ApJ...474L.115B/abstract target=ref> Butler et al. 1997 </a>,F8 V,6200.0,,1.2,0.09,[Fe/H],,4.2,3.0,,9.2,12.0,<a refstr=STASSUN_ET_AL__2019 href=https://ui.adsabs.harvard.edu/abs/2019AJ....158..138S/abstract target=ref>TICv8</a>,24.1983534,41.4038147,-20.66791,132.00045,13.4054,4.09565,3.98687,0,2,0,0,1,0,0,0,0,0,1,1,43.722516424,29.91319990597049,13.442491798043958,28.916402405761303,0.0,1.0,1.0,0.6666666666666666,0,circle,0,,,43.722516424000005,Sol,ups And,0.4936,Gliese 48,93,4,HD 3765,17.4775,0.3405,,,,,,,,,,,,,,,,,,,True,Methan,,Methan,False
Ross 458,Ross 458,,HIP 63510,2.0,1.0,<a refstr=TURNBULL_2015 href=https://ui.adsabs.harvard.edu/abs/2015arXiv151001731T/abstract target=ref>Turnbull 2015</a>,M2,3621.0,0.63,0.49,,,-1.222,,,,,,<a refstr=STASSUN_ET_AL__2019 href=https://ui.adsabs.harvard.edu/abs/2019AJ....158..138S/abstract target=ref>TICv8</a>,195.1912147,12.3755996,75.08626,311.81455,11.5094,9.76,8.90809,0,1,0,0,1,0,0,0,0,0,0,0,37.538598664,-35.38509481825076,-9.608091531725998,8.0452490003878,0.0,0.0,0.0,0.0,0,circle,0,,,37.538598664,Sol,Ross 458,0.3962,GJ 514,94,4,GJ 480,9.7235,0.3566,GJ 3779,11.9029,0.3532,HD 128311,24.0624,0.3989,70 Vir,21.5906,0.3366,GJ 508.2,24.2191,0.3253,GJ 414 A,20.5055,0.2887,GJ 414 B,20.493,0.2887,True,Methan,,Methan,False
GJ 3779,GJ 3779,,,1.0,1.0,<a refstr=LUQUE_ET_AL__2018 href=https://ui.adsabs.harvard.edu/abs/2018A&A...620A.171L/abstract target=ref>Luque et al. 2018</a>,M4.0 V,3324.0,0.281,0.27,0.0,[Fe/H],-2.06198,5.05,,,2.0,95.0,<a refstr=STASSUN_ET_AL__2019 href=https://ui.adsabs.harvard.edu/abs/2019AJ....158..138S/abstract target=ref>TICv8</a>,200.7335358,24.4639425,82.4285,14.08223,13.743,13.04,11.6266,0,0,0,0,0,0,0,0,0,0,0,0,44.82361908,-38.15715169044156,-14.44391445751274,18.56237962777476,0.0,0.0,0.0,0.0,0,circle,0,,,44.82361908,Sol,GJ 3779,0.4187,HD 115404 A,95,4,tau Boo,9.7623,0.2839,GJ 508.2,12.6663,0.346,GJ 480,13.1884,0.3426,HD 128311,21.0649,0.4006,70 Vir,16.6148,0.3418,GJ 504,18.1596,0.2896,GJ 414 A,22.2376,0.2876,True,Human,Mardat Coalition,Mardat Coalition,False
GJ 480,GJ 480,,HIP 61706,1.0,1.0,<a refstr=OULD_ELHKIM_ET_AL_2025 href=https://ui.adsabs.harvard.edu/abs/2025A&A...696A.152O/abstract target=ref>Ould-Elhkim et al. 2025</a>,,3509.0,0.449,0.45,0.26,[m/H],-1.562,4.88,,,,50.3,<a refstr=STASSUN_ET_AL__2019 href=https://ui.adsabs.harvard.edu/abs/2019AJ....158..138S/abstract target=ref>TICv8</a>,189.7134226,11.6950708,74.2865,291.48636,14.2358,11.49,10.3249,0,0,0,0,0,0,0,0,0,0,0,0,46.430915848,-44.81520520375607,-7.671209294475793,9.411688317705837,0.0,0.0,0.0,0.0,0,circle,0,,,46.430915848,Sol,GJ 480,0.4187,HD 115404 A,96,4,GJ 504,13.7705,0.2997,HD 99492,22.256,0.3475,70 Vir,16.3292,0.3423,HIP 55846,22.2464,0.3375,GJ 508.2,22.7243,0.326,GJ 414 B,21.6858,0.2879,Gl 410,19.9837,0.2779,True,Human,Mardat Coalition,Mardat Coalition,False
HD 128311,HD 128311,HD 128311,HIP 71395,1.0,2.0,<a refstr=TURNBULL_2015 href=https://ui.adsabs.harvard.edu/abs/2015arXiv151001731T/abstract target=ref>Turnbull 2015</a>,K0,4965.0,0.76,0.83,0.2,[Fe/H],-0.495,4.61,6.4,,,,<a refstr=STASSUN_ET_AL__2019 href=https://ui.adsabs.harvard.edu/abs/2019AJ....158..138S/abstract target=ref>TICv8</a>,219.0032292,9.7454368,59.83597,2.7292,16.3292,7.48,7.16719,0,2,0,0,1,0,0,0,0,0,1,2,53.258665552,-40.79062194085827,-33.03540103969957,9.015148152081586,0.0,1.0,2.0,1.0,0,circle,0,,,53.258665552,Sol,HD 128311,0.4923,HD 115404 A,97,4,tau Boo,13.0125,0.2712,70 Vir,17.2817,0.3408,GJ 504,19.1277,0.2886,,,,,,,,,,,,,True,Methan,,Methan,False
HD 222237,HD 222237,HD 222237,HIP 116745,1.0,1.0,<a refstr=TURNBULL_2015 href=https://ui.adsabs.harvard.edu/abs/2015arXiv151001731T/abstract target=ref>Turnbull 2015</a>,K4V,4723.0,0.72,0.74,-0.29,[Fe/H],-0.62,4.63,8.8,,,,<a refstr=STASSUN_ET_AL__2019 href=https://ui.adsabs.harvard.edu/abs/2019AJ....158..138S/abstract target=ref>TICv8</a>,354.9078642,-72.7253271,-43.37999,310.16617,11.4469,7.09,6.73988,0,1,0,0,1,0,0,0,0,0,0,0,37.334751164,11.04290275571626,-0.9840250541727908,-35.65066111446397,0.0,0.0,0.0,0.0,0,circle,0,,,37.334751164,Sol,HD 222237,0.4187,GJ 86,98,4,LHS 475,11.0874,0.3667,HD 211970,14.8483,0.3358,GJ 3021,20.8057,0.3346,GJ 3082,23.663,0.3256,,,,,,,,,,True,Methan,,Methan,False
GJ 3082,GJ 3082,,HIP 5812,1.0,1.0,<a refstr=TURNBULL_2015 href=https://ui.adsabs.harvard.edu/abs/2015arXiv151001731T/abstract target=ref>Turnbull 2015</a>,M4,3613.0,0.47,0.42,,,-1.523,,,,,,<a refstr=STASSUN_ET_AL__2019 href=https://ui.adsabs.harvard.edu/abs/2019AJ....158..138S/abstract target=ref>TICv8</a>,18.6432425,-53.9407751,-62.85069,295.46265,16.6186,11.041,10.2011,0,0,0,0,0,0,0,0,0,0,0,0,54.202561016,30.230650083056663,10.19914408005022,-43.81783742134435,0.0,0.0,0.0,0.0,0,circle,0,,,54.202561016,Sol,GJ 3082,0.4187,GJ 86,99,4,GJ 3090,20.7256,0.361,HD 4308,22.0908,0.3363,HD 211970,23.6,0.3256,,,,,,,,,,,,,True,Crystomorphs,,Crystomorphs,False
HD 160691,HD 160691,HD 160691,HIP 86796,1.0,4.0,<a refstr=TURNBULL_2015 href=https://ui.adsabs.harvard.edu/abs/2015arXiv151001731T/abstract target=ref>Turnbull 2015</a>,G3IV/V,5784.0,1.33,1.15,0.29,[Fe/H],0.303,4.25,7.96,,,,<a refstr=STASSUN_ET_AL__2019 href=https://ui.adsabs.harvard.edu/abs/2019AJ....158..138S/abstract target=ref>TICv8</a>,266.0361585,-51.8348751,-11.4985,340.05994,15.5981,5.12,4.94916,0,0,0,0,0,0,0,0,0,0,0,0,50.874139036,-2.173118806824313,-31.3614533056895,-39.99893528408903,0.0,0.0,0.0,0.0,0,circle,0,,,50.874139036,Sol,HD 160691,0.52,GJ 680,100,4,WDS J17302-5138 B,2.2709,0.4772,GJ 676 A,2.4033,0.4761,HD 140901,21.5116,0.3605,HD 189567,23.099,0.3596,HD 136352,19.8043,0.3455,HD 177565,19.0383,0.3287,HD 154088,24.849,0.3251,True,Crystomorphs,,Crystomorphs,False
GJ 676,WDS J17302-5138 B,,,2.0,4.0,<a refstr=STASSUN_ET_AL__2019 href=https://ui.adsabs.harvard.edu/abs/2019AJ....158..138S/abstract target=ref>TICv8</a>,,3217.0,0.310503,0.288636,,,-2.03137,4.91429,,13.593108,,,<a refstr=STASSUN_ET_AL__2019 href=https://ui.adsabs.harvard.edu/abs/2019AJ....158..138S/abstract target=ref>TICv8</a>,262.5657915,-51.6404063,-9.55464,339.10746,15.9611,13.628,11.9754,0,0,0,0,0,0,0,0,0,0,0,0,52.058085316,-4.180124888435786,-32.035415042614886,-40.82037463978519,0.0,0.0,0.0,0.0,0,circle,0,,,52.058085316,Sol,WDS J17302-5138 B,0.4975,GJ 680,101,4,GJ 676 A,0.2159,0.4954,HD 140901,20.0995,0.3615,HD 189567,24.2503,0.3591,HD 136352,18.4614,0.3468,HD 177565,20.5622,0.3274,HD 154088,23.9508,0.3254,,,,True,Crystomorphs,,Crystomorphs,False
GJ 676,GJ 676 A,,HIP 85647,2.0,4.0,<a refstr=STASSUN_ET_AL__2017 href=https://ui.adsabs.harvard.edu/abs/2017AJ....153..136S/abstract target=ref>Stassun et al. 2017</a>,,3734.0,0.69,0.73,0.08,[Fe/H],,4.62,,,,,<a refstr=STASSUN_ET_AL__2019 href=https://ui.adsabs.harvard.edu/abs/2019AJ....158..138S/abstract target=ref>TICv8</a>,262.5448903,-51.6377777,-9.54226,339.10272,16.0272,9.58,8.86517,0,1,0,0,1,0,0,0,0,0,0,0,52.273674432,-4.209414575593054,-32.16841513061202,-40.98793646352701,0.0,0.0,0.0,0.0,0,circle,0,,,52.273674432,Sol,GJ 676 A,0.4975,GJ 680,102,4,HD 140901,20.1553,0.3615,HD 189567,24.2505,0.3591,HD 136352,18.5368,0.3467,HD 177565,20.5813,0.3274,HD 154088,23.9235,0.3255,,,,,,,True,Methan,,Methan,False
HIP 77358,HD 140901,HD 140901,HIP 77358,1.0,2.0,<a refstr=TURNBULL_2015 href=https://ui.adsabs.harvard.edu/abs/2015arXiv151001731T/abstract target=ref>Turnbull 2015</a>,G6IV,5627.0,0.95,0.99,0.1,[Fe/H],-0.06,4.51,4.16,,,,<a refstr=STASSUN_ET_AL__2019 href=https://ui.adsabs.harvard.edu/abs/2019AJ....158..138S/abstract target=ref>TICv8</a>,236.8689866,-37.9172333,12.98895,337.16094,15.2528,6.01,5.83135,0,2,0,0,1,0,0,0,0,0,0,0,49.747922368,-21.45016522598963,-32.865587022727816,-30.571218185767552,0.0,0.0,0.0,0.0,0,circle,0,,,49.747922368,Sol,HD 140901,0.4525,GJ 680,103,4,HD 136352,9.8732,0.3735,HIP 79431,16.8772,0.3414,HD 154088,20.1207,0.3277,,,,,,,,,,,,,True,Methan,,Methan,False
HD 136352,HD 136352,HD 136352,HIP 75181,1.0,3.0,<a refstr=TURNBULL_2015 href=https://ui.adsabs.harvard.edu/abs/2015arXiv151001731T/abstract target=ref>Turnbull 2015</a>,G3/5V,5672.0,1.04,0.91,-0.34,[Fe/H],0.037,4.38,10.36,,,,<a refstr=STASSUN_ET_AL__2019 href=https://ui.adsabs.harvard.edu/abs/2019AJ....158..138S/abstract target=ref>TICv8</a>,230.4401147,-48.3188174,7.38103,327.07069,14.682,5.65,5.48495,0,0,0,0,0,0,0,0,0,0,0,0,47.88622392,-20.28070745878269,-24.55014042726453,-35.76414337418482,0.0,0.0,0.0,0.0,1,diamond,0,,,47.88622392,Sol,HD 136352,0.4363,GJ 680,104,4,HD 113538,19.9246,0.3617,,,,,,,,,,,,,,,,,,,True,Crystomorphs,,Crystomorphs,False
HIP 79431,HIP 79431,,HIP 79431,1.0,1.0,<a refstr=APPS_ET_AL__2010 href=https://ui.adsabs.harvard.edu/abs/2010PASP..122..156A/abstract target=ref> Apps et al. 2010 </a>,M3 V,3191.0,,0.49,0.4,[Fe/H],,,,,,,<a refstr=STASSUN_ET_AL__2019 href=https://ui.adsabs.harvard.edu/abs/2019AJ....158..138S/abstract target=ref>TICv8</a>,243.1742467,-18.8764247,22.96885,355.19966,14.5324,11.394,10.2351,0,1,0,0,1,0,0,0,0,0,0,1,47.398294544,-20.23946405919729,-40.02261850681231,-15.334680568385076,0.0,0.0,1.0,0.3333333333333333,0,circle,0,,,47.39829454400001,Sol,HIP 79431,0.4287,HD 147513,105,4,HD 154088,18.6721,0.3291,,,,,,,,,,,,,,,,,,,True,Methan,,Methan,False
HD 154088,HD 154088,HD 154088,HIP 83541,1.0,1.0,<a refstr=UNGER_ET_AL__2021 href=https://ui.adsabs.harvard.edu/abs/2021A&A...654A.104U/abstract target=ref>Unger et al. 2021</a>,K0 IV-V,5374.0,,0.91,0.28,[Fe/H],-0.13077,4.37,8.0,,,,<a refstr=STASSUN_ET_AL__2019 href=https://ui.adsabs.harvard.edu/abs/2019AJ....158..138S/abstract target=ref>TICv8</a>,256.1164214,-28.5838342,7.67253,355.23654,18.2692,6.59,6.36693,0,0,0,0,0,0,0,0,0,0,0,0,59.586091952,-12.555043094007898,-50.795000758617775,-28.50861527594465,0.0,0.0,0.0,0.0,0,circle,0,,,59.586091952,Sol,HD 154088,0.4187,HD 147513,106,4,,,,,,,,,,,,,,,,,,,,,,True,Bazzar,,Bazzar,False
HD 211970,HD 211970,HD 211970,HIP 110443,1.0,1.0,<a refstr=FENG_ET_AL__2019 href=https://ui.adsabs.harvard.edu/abs/2019ApJS..242...25F/abstract target=ref>Feng et al. 2019</a>,K7 V,4127.0,,0.61,,,,,,,,,<a refstr=STASSUN_ET_AL__2019 href=https://ui.adsabs.harvard.edu/abs/2019AJ....158..138S/abstract target=ref>TICv8</a>,335.5661579,-54.5596006,-51.44875,337.2469,13.1277,10.24,8.40444,0,0,0,0,0,0,0,0,0,0,0,0,42.816781212,22.60398941796266,-10.26972713988756,-34.8836511882166,0.0,0.0,0.0,0.0,0,circle,0,,,42.816781212,Sol,HD 211970,0.4187,AU Mic,107,4,HD 189567,23.6518,0.3593,LHS 475,22.1411,0.3264,,,,,,,,,,,,,,,,True,Crystomorphs,,Crystomorphs,False
HD 192263,HD 192263,HD 192263,HIP 99711,1.0,1.0,<a refstr=TURNBULL_2015 href=https://ui.adsabs.harvard.edu/abs/2015arXiv151001731T/abstract target=ref>Turnbull 2015</a>,K1/2V,4975.0,0.77,0.8,0.05,[Fe/H],-0.495,4.59,2.56,,,,<a refstr=STASSUN_ET_AL__2019 href=https://ui.adsabs.harvard.edu/abs/2019AJ....158..138S/abstract target=ref>TICv8</a>,303.4990864,-0.8657574,-18.69708,41.87586,19.6359,7.79,7.49558,0,1,0,0,1,0,0,0,0,0,1,1,64.04366600399999,35.34318118495203,-53.39957198357345,-0.9676832801666068,0.0,1.0,1.0,0.6666666666666666,0,circle,0,,,64.04366600399999,Sol,HD 192263,0.4486,HD 190007,108,4,TOI-5789,19.5888,0.4294,LSPM J2116+0234,18.102,0.3297,,,,,,,,,,,,,,,,True,Methan,,Methan,False
LSPM J2116+0234,LSPM J2116+0234,,,1.0,1.0,<a refstr=LALITHA_ET_AL__2019 href=https://ui.adsabs.harvard.edu/abs/2019A&A...627A.116L/abstract target=ref>Lalitha et al. 2019</a>,M3.0 V,3475.0,0.431,0.43,-0.05,[Fe/H],-1.69897,4.95,2.0,,2.0,42.0,<a refstr=STASSUN_ET_AL__2019 href=https://ui.adsabs.harvard.edu/abs/2019AJ....158..138S/abstract target=ref>TICv8</a>,319.1147513,2.5807711,-30.34854,53.9463,17.6297,11.961,10.8595,0,0,0,0,0,0,0,0,0,0,0,0,57.500324332,43.42741942727155,-37.59844486545925,2.5891087022466186,0.0,0.0,0.0,0.0,0,circle,0,,,57.500324332,Sol,LSPM J2116+0234,0.4187,HD 190007,109,4,HN Peg,14.3163,0.3376,TOI-5789,24.4526,0.4265,HD 210277,21.8787,0.3365,,,,,,,,,,,,,True,Human,League of The Faithful,League of The Faithful,False
GJ 724,GJ 724,,HIP 91608,1.0,1.0,<a refstr=GORRINI_ET_AL_2023 href=https://ui.adsabs.harvard.edu/abs/2023A&A...680A..28G/abstract target=ref>Gorrini et al. 2023</a>,M1.0 V,3799.0,0.52226,0.5271,-0.02,[Fe/H],-1.2909,4.88,,,2.0,57.0,<a refstr=STASSUN_ET_AL__2019 href=https://ui.adsabs.harvard.edu/abs/2019AJ....158..138S/abstract target=ref>TICv8</a>,280.238365,-13.3824997,-3.78099,19.82504,16.9658,10.638,9.76915,0,0,0,0,0,0,0,0,0,0,0,0,55.334974648,9.568378314537544,-52.975258812008136,-12.807322496347355,0.0,0.0,0.0,0.0,0,circle,0,,,55.334974648,Sol,GJ 724,0.4187,GJ 740,110,4,HD 177565,24.0153,0.3254,,,,,,,,,,,,,,,,,,,True,Human,Industrial Hegemony,Industrial Hegemony,False
GJ 317,GJ 317,,,1.0,2.0,<a refstr=ANGLADA_ESCUDE_ET_AL__2012 href=https://ui.adsabs.harvard.edu/abs/2012ApJ...746...37A/abstract target=ref> Anglada-Escud&eacute; et al. 2012 </a>,M2.5 V,3510.0,,0.42,0.36,[Fe/H],,,5.0,,,,<a refstr=STASSUN_ET_AL__2019 href=https://ui.adsabs.harvard.edu/abs/2019AJ....158..138S/abstract target=ref>TICv8</a>,130.2445254,-23.452809,11.19034,246.79531,15.1968,12.4,10.7539,0,2,0,0,1,0,0,0,0,0,0,0,49.56527500799999,-29.376327479703484,34.707443754327926,-19.726662628636667,0.0,0.0,0.0,0.0,0,circle,0,,,49.56527500799999,Sol,GJ 317,0.4525,GJ 357,111,4,HIP 38594,13.1748,0.354,,,,,,,,,,,,,,,,,,,True,Methan,,Methan,False
55 Cnc,55 Cnc,HD 75732,HIP 43587,2.0,7.0,<a refstr=BUTLER_ET_AL__1997 href=https://ui.adsabs.harvard.edu/abs/1997ApJ...474L.115B/abstract target=ref> Butler et al. 1997 </a>,G8 V,5200.0,,0.85,0.23,[Fe/H],,4.5,5.0,,2.0,44.0,<a refstr=STASSUN_ET_AL__2019 href=https://ui.adsabs.harvard.edu/abs/2019AJ....158..138S/abstract target=ref>TICv8</a>,133.1468373,28.3298154,37.69663,196.79526,12.5855,5.95084,5.72973,0,4,0,0,1,0,0,0,0,1,2,3,41.04836338,-24.70962177143627,26.36204946942983,19.47934998557246,1.0,2.0,3.0,2.0,0,circle,0,,,41.04836338,Sol,55 Cnc,0.6985,HD 260655,112,4,55 Cnc B,0.3533,0.5953,HD 86728,14.0652,0.3385,47 UMa,21.6189,0.434,Gl 378,20.0885,0.3278,HD 87883,23.8157,0.3255,TOI-5388,24.6656,0.3251,GJ 414 B,20.8484,0.2884,True,Methan,,Methan,True
55 Cnc,55 Cnc B,,,2.0,7.0,<a refstr=MOUTOU_ET_AL_2026 href=https://ui.adsabs.harvard.edu/abs/2026A&A...705A.190M/abstract target=ref>Moutou et al. 2026</a>,M4.5 V,3286.0,0.274,0.26,0.16,[M/H],,4.86,10.0,,1.29,92.0,<a refstr=STASSUN_ET_AL__2019 href=https://ui.adsabs.harvard.edu/abs/2019AJ....158..138S/abstract target=ref>TICv8</a>,133.167908,28.3152863,37.71118,196.81868,12.4773,13.152,11.6798,0,0,0,0,0,0,0,0,0,0,0,0,40.695462588,-24.510147571943502,26.12996998423945,19.30279798048989,0.0,0.0,0.0,0.0,0,circle,0,,,40.695462588,Sol,55 Cnc B,0.5988,HD 260655,113,4,HD 86728,14.2087,0.3379,47 UMa,21.5911,0.434,Gl 378,20.1561,0.3277,HD 87883,24.0474,0.3254,TOI-5388,24.8986,0.325,Gl 410,20.674,0.2773,,,,True,Human,Mardat Coalition,Mardat Coalition,False
HD 113538,HD 113538,HD 113538,HIP 63833,1.0,2.0,<a refstr=MOUTOU_ET_AL__2015 href=https://ui.adsabs.harvard.edu/abs/2015A&A...576A..48M/abstract target=ref>Moutou et al. 2015</a>,K9 V,4462.0,0.53,0.585,-0.24,[Fe/H],,3.79,4.3,,2.0,,<a refstr=STASSUN_ET_AL__2019 href=https://ui.adsabs.harvard.edu/abs/2019AJ....158..138S/abstract target=ref>TICv8</a>,196.233933,-52.4463502,10.37061,305.02208,16.2817,9.05,8.4428,0,2,0,0,1,0,0,0,0,0,0,0,53.103741452,-31.07641894294207,-9.048496000390813,-42.09974182835954,0.0,0.0,0.0,0.0,0,circle,0,,,53.103741452,Sol,HD 113538,0.4525,HIP 56998,114,5,,,,,,,,,,,,,,,,,,,,,,True,Methan,,Methan,False
GJ 414,GJ 414 A,HD 97101,HIP 54646,2.0,2.0,<a refstr=DEDRICK_ET_AL__2021 href=https://ui.adsabs.harvard.edu/abs/2021AJ....161...86D/abstract target=ref>Dedrick et al. 2021</a>,K7 V,4120.0,0.68,0.65,0.24,[Fe/H],-0.92445,4.65,12.4,,,,<a refstr=STASSUN_ET_AL__2019 href=https://ui.adsabs.harvard.edu/abs/2019AJ....158..138S/abstract target=ref>TICv8</a>,167.7745044,30.4451688,67.81292,198.37152,11.8893,8.31,7.72808,0,1,0,0,1,0,0,0,0,0,0,0,38.777665308,-32.672635127875616,7.079293586027766,19.64916901201679,0.0,0.0,0.0,0.0,1,diamond,0,,,38.777665308,Sol,GJ 414 A,0.38,GJ 393,115,5,Gl 410,5.8862,0.3243,47 UMa,9.7221,0.4639,HD 86728,15.0714,0.3352,Gl 378,19.3664,0.3284,HD 238090,22.8459,0.326,HD 87883,23.8229,0.3255,TOI-5388,24.651,0.3251,True,Methan,,Methan,False
GJ 414,GJ 414 B,,,2.0,2.0,<a refstr=DEDRICK_ET_AL__2021 href=https://ui.adsabs.harvard.edu/abs/2021AJ....161...86D/abstract target=ref>Dedrick et al. 2021</a>,M2 V,3663.0,0.548,0.542,0.08,[Fe/H],-1.31876,,11.2,,,,<a refstr=STASSUN_ET_AL__2019 href=https://ui.adsabs.harvard.edu/abs/2019AJ....158..138S/abstract target=ref>TICv8</a>,167.7635938,30.4439215,67.80357,198.37582,11.8728,10.82,9.04708,0,0,0,0,0,0,0,0,0,0,0,0,38.723849568,-32.62636260900852,7.075772410693053,19.621173080696767,0.0,0.0,0.0,0.0,1,diamond,0,,,38.723849568,Sol,GJ 414 B,0.38,GJ 393,116,5,Gl 410,5.8813,0.3243,47 UMa,9.7522,0.4638,HD 86728,15.0957,0.3352,Gl 378,19.3819,0.3284,HD 238090,22.8623,0.326,HD 87883,23.8629,0.3255,TOI-5388,24.6911,0.3251,True,Human,Mardat Coalition,Mardat Coalition,False
Gl 410,Gl 410,HD 95650,HIP 53985,1.0,1.0,<a refstr=CARMONA_ET_AL_2025 href=https://ui.adsabs.harvard.edu/abs/2025A&A...700A.222C/abstract target=ref>Carmona et al. 2025</a>,,3842.0,0.543,0.55,0.05,[M/H],-1.239,4.87,0.48,,,13.93,<a refstr=STASSUN_ET_AL__2019 href=https://ui.adsabs.harvard.edu/abs/2019AJ....158..138S/abstract target=ref>TICv8</a>,165.6604212,21.9669164,64.78003,218.75093,11.9324,9.57,8.807,0,0,0,0,0,0,0,0,0,0,0,0,38.918238544,-34.96829980976716,8.939037238727867,14.558190582162382,0.0,0.0,0.0,0.0,1,diamond,0,,,38.918238544,Sol,Gl 410,0.3688,GJ 393,117,5,HD 86728,16.0992,0.3328,Gl 378,23.784,0.3255,,,,,,,,,,,,,,,,True,Human,Mardat Coalition,Mardat Coalition,False
LHS 475,LHS 475,,,1.0,1.0,<a refstr=LUSTIG_YAEGER_ET_AL_2023 href=https://ui.adsabs.harvard.edu/abs/2023NatAs...7.1317L/abstract target=ref>Lustig-Yaeger et al. 2023</a>,M3.5 V,3300.0,0.2789,0.262,,,,5.0,,18.4,,79.32,<a refstr=STASSUN_ET_AL__2019 href=https://ui.adsabs.harvard.edu/abs/2019AJ....158..138S/abstract target=ref>TICv8</a>,290.2379403,-82.5597883,-27.83616,311.28216,12.4814,13.0,11.4174,0,0,0,0,0,0,0,0,0,0,0,0,40.708834984,1.82349774877208,-4.946012617720335,-40.36608800590065,0.0,0.0,0.0,0.0,0,circle,0,,,40.708834984,Sol,LHS 475,0.4187,COCONUTS-2 A,118,5,HD 39091,23.6089,0.3931,HD 189567,22.0132,0.3602,GJ 3021,18.8646,0.3362,,,,,,,,,,,,,True,Crystomorphs,,Crystomorphs,False
HD 39091,HD 39091,HD 39091,HIP 26394,1.0,3.0,<a refstr=TURNBULL_2015 href=https://ui.adsabs.harvard.edu/abs/2015arXiv151001731T/abstract target=ref>Turnbull 2015</a>,G1V,5950.0,1.18,1.07,0.05,[Fe/H],0.215,4.35,5.44,,,,<a refstr=STASSUN_ET_AL__2019 href=https://ui.adsabs.harvard.edu/abs/2019AJ....158..138S/abstract target=ref>TICv8</a>,84.2992798,-80.4646041,-29.77608,292.50808,18.2702,5.65,5.5128,0,0,0,0,0,0,0,0,0,0,0,0,59.589353512,0.9805470753660076,9.822565496944524,-58.76603429251741,0.0,0.0,0.0,0.0,0,circle,0,,,59.589353512,Sol,HD 39091,0.4862,COCONUTS-2 A,119,5,GJ 3021,13.0854,0.3506,WD 0806-661,18.4354,0.3592,HD 27442,22.7107,0.3334,nu Oct A,23.3517,0.2831,,,,,,,,,,True,Crystomorphs,,Crystomorphs,False
bet Pic,bet Pic,HD 39060,HIP 27321,1.0,3.0,<a refstr=TURNBULL_2015 href=https://ui.adsabs.harvard.edu/abs/2015arXiv151001731T/abstract target=ref>Turnbull 2015</a>,A5V,8052.0,1.55,1.76,,,0.958,4.15,,,,,<a refstr=STASSUN_ET_AL__2019 href=https://ui.adsabs.harvard.edu/abs/2019AJ....158..138S/abstract target=ref>TICv8</a>,86.8212337,-51.066148,-30.61167,258.36341,19.7442,3.85,3.82015,0,3,0,0,1,0,0,0,0,0,0,1,64.39689295199999,2.244036762235896,40.40620749846428,-50.09253952907686,0.0,0.0,1.0,0.3333333333333333,1,diamond,0,,,64.39689295199999,Sol,bet Pic,0.4462,HD 40307,120,5,TOI-270,16.364,0.3998,CD-35 2722,20.6725,0.2548,,,,,,,,,,,,,,,,True,Methan,,Methan,False
HD 27442,HD 27442,HD 27442,HIP 19921,2.0,1.0,<a refstr=TURNBULL_2015 href=https://ui.adsabs.harvard.edu/abs/2015arXiv151001731T/abstract target=ref>Turnbull 2015</a>,K1/2III,4846.0,3.43,1.48,0.42,[Fe/H],0.838,3.56,2.84,,,,<a refstr=STASSUN_ET_AL__2019 href=https://ui.adsabs.harvard.edu/abs/2019AJ....158..138S/abstract target=ref>TICv8</a>,64.1205476,-59.3028771,-42.56321,270.20525,18.2704,4.44,4.14532,0,1,0,0,1,0,0,0,0,0,1,1,59.590005824,13.277993869828627,27.369925117964463,-51.24012950739064,0.0,1.0,1.0,0.6666666666666666,0,circle,0,,,59.590005824,Sol,HD 27442,0.4261,HD 40307,121,5,TOI-270,16.367,0.3998,bet Pic,17.1175,0.3585,HD 21175 B,21.4121,0.3043,GJ 3222,21.6532,0.3042,,,,,,,,,,True,Methan,,Methan,False
WD 0806-661,WD 0806-661,,,1.0,1.0,<a refstr=LEGGETT_TREMBLIN_2026 href=https://ui.adsabs.harvard.edu/abs/2026ApJ..1005..189L/abstract target=ref>Leggett &amp; Tremblin 2026</a>,,10393.0,,0.605,,,,,1.6,,,,<a refstr=STASSUN_ET_AL__2019 href=https://ui.adsabs.harvard.edu/abs/2019AJ....158..138S/abstract target=ref>TICv8</a>,121.7275683,-66.3058835,-17.57098,279.42436,19.2444,13.855,13.6826,0,1,0,0,1,0,0,0,0,0,1,1,62.76676526399999,-13.264327064977977,21.4536798251854,-57.4757694265836,0.0,1.0,1.0,0.6666666666666666,0,circle,0,,,62.76676526399999,Sol,WD 0806-661,0.4486,GJ 238,122,5,,,,,,,,,,,,,,,,,,,,,,True,Methan,,Methan,False
HIP 38594,HIP 38594,,HIP 38594,2.0,2.0,<a refstr=STASSUN_ET_AL__2019 href=https://ui.adsabs.harvard.edu/abs/2019AJ....158..138S/abstract target=ref>TICv8</a>,,3969.0,0.626646,0.609306,,,-1.05654,4.62886,,3.490871,,,<a refstr=STASSUN_ET_AL__2019 href=https://ui.adsabs.harvard.edu/abs/2019AJ....158..138S/abstract target=ref>TICv8</a>,118.5439118,-25.3023073,1.29682,242.4005,17.7886,9.75,9.08528,0,1,0,0,1,0,0,0,0,0,0,0,58.018586216,-25.063535221352232,46.07704088502862,-24.796811327081176,0.0,0.0,0.0,0.0,0,circle,0,,,58.018586216,Sol,HIP 38594,0.43,HD 69830,123,5,7 CMa,21.1536,0.4204,,,,,,,,,,,,,,,,,,,True,Methan,,Methan,False
47 UMa,47 UMa,HD 95128,HIP 53721,1.0,3.0,<a refstr=TURNBULL_2015 href=https://ui.adsabs.harvard.edu/abs/2015arXiv151001731T/abstract target=ref>Turnbull 2015</a>,G0V,5882.0,1.24,1.06,0.04,[Fe/H],0.233,4.31,6.48,,,,<a refstr=STASSUN_ET_AL__2019 href=https://ui.adsabs.harvard.edu/abs/2019AJ....158..138S/abstract target=ref>TICv8</a>,164.8647611,40.4304931,63.3677,175.78305,13.7967,5.03352,4.87837,0,3,0,0,1,0,0,0,0,0,1,2,44.998764852,-33.06460504398686,8.943335161891483,29.182828644132908,0.0,1.0,2.0,1.0,0,circle,0,,,44.998764852,Sol,47 UMa,0.526,HIP 48714,124,5,Gl 378,11.0591,0.3673,HD 86728,12.3767,0.3484,HD 238090,15.9718,0.3331,HD 87883,18.1285,0.3297,TOI-5388,18.4268,0.3294,,,,,,,True,Methan,,Methan,False
Gl 378,Gl 378,,HIP 49189,1.0,1.0,<a refstr=HOBSON_ET_AL__2019 href=https://ui.adsabs.harvard.edu/abs/2019A&A...625A..18H/abstract target=ref>Hobson et al. 2019</a>,M1,3879.0,0.56,0.56,0.06,[Fe/H],-1.22185,,,,,,<a refstr=STASSUN_ET_AL__2019 href=https://ui.adsabs.harvard.edu/abs/2019AJ....158..138S/abstract target=ref>TICv8</a>,150.5865513,48.0824515,51.19188,168.74261,14.9545,10.03,9.26515,0,0,0,0,0,0,0,0,0,0,0,0,48.77499902,-28.38444152866119,16.002589852349818,36.29381664312098,0.0,0.0,0.0,0.0,0,circle,0,,,48.77499902,Sol,Gl 378,0.4187,HIP 48714,125,5,HD 86728,13.6982,0.34,TOI-5388,16.6475,0.3318,HD 87883,16.9896,0.3313,HD 238090,18.0478,0.3298,G 196-3,22.4261,0.3262,,,,,,,True,Crystomorphs,,Crystomorphs,False
HD 238090,HD 238090,HD 238090,HIP 59514,1.0,1.0,<a refstr=STOCK_ET_AL__2020 href=https://ui.adsabs.harvard.edu/abs/2020A&A...643A.112S/abstract target=ref>Stock et al. 2020</a>,M0.0 V,3933.0,0.57,0.578,-0.03,[Fe/H],-1.15366,4.7,,,2.0,96.7,<a refstr=STASSUN_ET_AL__2019 href=https://ui.adsabs.harvard.edu/abs/2019AJ....158..138S/abstract target=ref>TICv8</a>,183.0886375,54.486153,61.72135,134.94219,15.2354,9.71,9.037911,0,0,0,0,0,0,0,0,0,0,0,0,49.691171224,-28.823655130258715,-1.5553005508099431,40.4473786881356,0.0,0.0,0.0,0.0,0,circle,0,,,49.691171224,Sol,HD 238090,0.4187,HIP 48714,126,5,GJ 463,13.6956,0.34,GJ 508.2,21.6347,0.3267,,,,,,,,,,,,,,,,True,Crystomorphs,,Crystomorphs,False
HN Peg,HN Peg,HD 206860,HIP 107350,1.0,1.0,<a refstr=TURNBULL_2015 href=https://ui.adsabs.harvard.edu/abs/2015arXiv151001731T/abstract target=ref>Turnbull 2015</a>,G0V,5974.0,1.04,1.1,-0.02,[Fe/H],0.072,4.48,3.1,,,,<a refstr=STASSUN_ET_AL__2019 href=https://ui.adsabs.harvard.edu/abs/2019AJ....158..138S/abstract target=ref>TICv8</a>,326.1315705,14.7714524,-28.27039,69.85975,18.1186,5.97707,5.82363,0,0,0,0,0,0,0,0,0,0,0,0,59.094901016,47.44598854249035,-31.84444717854466,15.067072748533208,0.0,0.0,0.0,0.0,0,circle,0,,,59.094901016,Sol,HN Peg,0.4187,GJ 9773,127,5,51 Peg,19.4518,0.3283,,,,,,,,,,,,,,,,,,,True,Human,Other Human,Other Human,False
51 Peg,51 Peg,HD 217014,HIP 113357,1.0,1.0,<a refstr=TURNBULL_2015 href=https://ui.adsabs.harvard.edu/abs/2015arXiv151001731T/abstract target=ref>Turnbull 2015</a>,G5V,5787.0,1.15,1.05,0.2,[Fe/H],0.161,4.36,6.76,,,,<a refstr=STASSUN_ET_AL__2019 href=https://ui.adsabs.harvard.edu/abs/2019AJ....158..138S/abstract target=ref>TICv8</a>,344.3675399,20.7690958,-34.7275,90.06374,15.4614,5.45309,5.28647,0,1,0,0,1,0,0,0,0,0,0,0,50.428283784,45.40718253262788,-12.705647723929212,17.882004802696557,0.0,0.0,0.0,0.0,0,circle,0,,,50.428283784,Sol,51 Peg,0.4187,GJ 9773,128,5,,,,,,,,,,,,,,,,,,,,,,True,Methan,,Methan,False
HD 217107,HD 217107,HD 217107,HIP 113421,1.0,2.0,<a refstr=TURNBULL_2015 href=https://ui.adsabs.harvard.edu/abs/2015arXiv151001731T/abstract target=ref>Turnbull 2015</a>,G8IV/V,5704.0,1.08,1.11,0.39,[Fe/H],0.093,4.42,5.84,,,,<a refstr=STASSUN_ET_AL__2019 href=https://ui.adsabs.harvard.edu/abs/2019AJ....158..138S/abstract target=ref>TICv8</a>,344.5647243,-2.3954489,-53.32407,70.47402,20.0619,6.155,5.96401,0,2,0,0,1,0,0,0,0,0,0,0,65.433090564,63.01791567260305,-17.399775369303814,-2.734860533022472,0.0,0.0,0.0,0.0,0,circle,0,,,65.433090564,Sol,HD 217107,0.4525,GJ 9773,129,5,HD 215152,8.1832,0.4641,GJ 900 A,11.8886,0.2584,HD 210277,16.0017,0.343,TOI-260,24.4368,0.3252,,,,,,,,,,True,Methan,,Methan,False
HD 210277,HD 210277,HD 210277,HIP 109378,1.0,1.0,<a refstr=TURNBULL_2015 href=https://ui.adsabs.harvard.edu/abs/2015arXiv151001731T/abstract target=ref>Turnbull 2015</a>,G8/K0V,5555.0,1.06,0.99,0.21,[Fe/H],0.029,4.39,10.64,,,,<a refstr=STASSUN_ET_AL__2019 href=https://ui.adsabs.harvard.edu/abs/2019AJ....158..138S/abstract target=ref>TICv8</a>,332.3748117,-7.5505962,-46.96648,52.34827,21.2985,6.54348,6.34701,0,1,0,0,1,0,0,0,0,1,1,1,69.46633566,61.01349844414415,-31.93124750384091,-9.127991590851726,1.0,1.0,1.0,1.0,1,diamond,0,,,69.46633566,Sol,HD 210277,0.4287,GJ 9773,130,5,HD 215152,10.3878,0.4921,,,,,,,,,,,,,,,,,,,True,Methan,,Methan,False
TOI-270,TOI-270,,,1.0,3.0,<a refstr=VAN_EYLEN_ET_AL__2021 href=https://ui.adsabs.harvard.edu/abs/2021MNRAS.507.2154V/abstract target=ref>Van Eylen et al. 2021</a>,M,3506.0,0.378,0.386,-0.2,[Fe/H],-1.7122,4.872,,7.2,,,<a refstr=STASSUN_ET_AL__2019 href=https://ui.adsabs.harvard.edu/abs/2019AJ....158..138S/abstract target=ref>TICv8</a>,68.4160804,-51.9573937,-42.01396,259.77379,22.4793,12.603,11.6306,0,0,0,0,0,0,0,0,0,0,0,0,73.317585708,16.620725651588796,42.01360736693884,-57.74146386160682,0.0,0.0,0.0,0.0,0,circle,0,,,73.317585708,Sol,TOI-270,0.4862,GJ 163,131,5,GJ 3222,23.8534,0.303,HD 21175 B,24.684,0.3026,,,,,,,,,,,,,,,,True,Crystomorphs,,Crystomorphs,False
HIP 15799,HD 21175 B,HD 21175 B,,2.0,1.0,<a refstr=PHILIPOT_ET_AL_2023 href=https://ui.adsabs.harvard.edu/abs/2023A&A...678A.107P/abstract target=ref>Philipot et al. 2023</a>,,,,1.05,,,,,,,,,<a refstr=STASSUN_ET_AL__2019 href=https://ui.adsabs.harvard.edu/abs/2019AJ....158..138S/abstract target=ref>TICv8</a>,50.8980548,-40.0766004,-56.09096,245.2417,17.7019,10.8257,10.1233,0,0,0,0,0,0,0,0,0,0,0,0,57.73580896399999,27.86350045137155,34.2836514275398,-37.170959418864456,0.0,0.0,0.0,0.0,0,circle,0,,,57.735808964,Sol,HD 21175 B,0.3962,HR 810,132,5,GJ 3222,1.7491,0.3802,GJ 3293,23.0676,0.4971,LTT 1445 B,24.1414,0.3141,,,,,,,,,,,,,True,Human,Turquenish Empire,Turquenish Empire,False
HIP 15799,GJ 3222,HD 21175,HIP 15799,2.0,1.0,<a refstr=TURNBULL_2015 href=https://ui.adsabs.harvard.edu/abs/2015arXiv151001731T/abstract target=ref>Turnbull 2015</a>,K0V,5045.0,0.98,0.86,,,-0.252,4.43,,,,,<a refstr=STASSUN_ET_AL__2019 href=https://ui.adsabs.harvard.edu/abs/2019AJ....158..138S/abstract target=ref>TICv8</a>,50.8972464,-40.0762325,-56.09164,245.24126,18.23817,6.9,,0,0,0,0,0,0,0,0,0,0,0,0,59.4848857452,28.70826440003909,35.32204288141712,-38.29674234109575,0.0,0.0,0.0,0.0,0,circle,0,,,59.4848857452,Sol,GJ 3222,0.3962,HR 810,133,5,GJ 3293,22.8236,0.4972,LTT 1445 B,24.5088,0.3139,,,,,,,,,,,,,,,,True,Human,Turquenish Empire,Turquenish Empire,False
GJ 3090,GJ 3090,,HIP 6365,1.0,2.0,<a refstr=AHRER_ET_AL_2025 href=https://ui.adsabs.harvard.edu/abs/2025ApJ...985L..10A/abstract target=ref>Ahrer et al. 2025</a>,M2 V,3556.0,0.516,0.519,-0.06,[Fe/H],,4.727,,,,17.65,<a refstr=STASSUN_ET_AL__2019 href=https://ui.adsabs.harvard.edu/abs/2019AJ....158..138S/abstract target=ref>TICv8</a>,20.4384281,-46.7147234,-69.52189,287.95198,22.4751,11.403,10.5521,0,0,0,0,0,0,0,0,0,0,0,0,73.303887156,47.09550774479395,17.550626797002106,-53.3614891234492,0.0,0.0,0.0,0.0,0,circle,0,,,73.303887156,Sol,GJ 3090,0.4525,HR 810,134,5,GJ 27.1,10.7607,0.3755,HD 142,21.4201,0.4116,HD 13808,24.2606,0.3591,HD 4308,24.7178,0.3351,TOI-244,15.7389,0.3336,,,,,,,True,Crystomorphs,,Crystomorphs,False
GJ 3021,GJ 3021,HD 1237,HIP 1292,2.0,1.0,<a refstr=NAEF_ET_AL__2001 href=https://ui.adsabs.harvard.edu/abs/2001A&A...375..205N/abstract target=ref> Naef et al. 2001 </a>,G6 V,5540.0,0.9,0.9,0.1,[Fe/H],-0.18,4.7,,,5.5,,<a refstr=STASSUN_ET_AL__2019 href=https://ui.adsabs.harvard.edu/abs/2019AJ....158..138S/abstract target=ref>TICv8</a>,4.0634323,-79.8514218,-37.14415,304.86901,17.5559,6.59,6.39729,0,1,0,0,1,0,0,0,0,0,1,1,57.259621204,10.063861727220589,0.7149308445393293,-56.36374527520751,0.0,1.0,1.0,0.6666666666666666,0,circle,0,,,57.259621204,Sol,GJ 3021,0.4261,GJ 143,135,5,nu Oct A,14.6768,0.2937,HD 189567,20.1554,0.3615,HD 199509,23.6843,0.3554,HD 4308,21.6191,0.3366,HD 207496,21.4621,0.3268,,,,,,,True,Methan,,Methan,False
GJ 3293,GJ 3293,,,1.0,4.0,<a refstr=ASTUDILLO_DEFRU_ET_AL__2017 href=https://ui.adsabs.harvard.edu/abs/2017A&A...602A..88A/abstract target=ref>Astudillo-Defru et al. 2017</a>,M2.5,3466.0,0.404,0.42,0.02,[Fe/H],-1.65758,,,,,41.0,<a refstr=STASSUN_ET_AL__2019 href=https://ui.adsabs.harvard.edu/abs/2019AJ....158..138S/abstract target=ref>TICv8</a>,67.1484425,-25.1713396,-41.61299,223.54147,20.1903,11.945,10.9788,0,2,0,0,1,0,0,0,0,1,1,2,65.851874868,23.144806864960746,54.9209262386164,-28.00855583400992,1.0,1.0,2.0,1.3333333333333333,0,circle,0,,,65.851874868,Sol,GJ 3293,0.5899,LHS 1678,136,5,GJ 3341,18.6742,0.3291,GJ 160.2,20.4012,0.3275,LTT 1445 B,24.7599,0.3138,,,,,,,,,,,,,True,Methan,,Methan,False
GJ 3341,GJ 3341,,,1.0,1.0,<a refstr=ASTUDILLO_DEFRU_ET_AL__2015 href=https://ui.adsabs.harvard.edu/abs/2015A&A...575A.119A/abstract target=ref>Astudillo-Defru et al. 2015</a>,M2.5,3526.0,0.439,0.47,-0.09,[Fe/H],-1.538,,,,,,<a refstr=STASSUN_ET_AL__2019 href=https://ui.adsabs.harvard.edu/abs/2019AJ....158..138S/abstract target=ref>TICv8</a>,78.9471415,-31.2948458,-33.03266,234.21914,23.619,12.062,11.1029,0,0,0,0,0,0,0,0,0,0,0,0,77.03478564,12.619925068909096,64.60561666083727,-40.01512196318807,0.0,0.0,0.0,0.0,0,circle,0,,,77.03478564,Sol,GJ 3341,0.4187,LHS 1678,137,5,HD 45184,20.2762,0.3614,HD 39855,19.3276,0.3284,CD-35 2722,16.2145,0.2601,,,,,,,,,,,,,True,Human,Turquenish Empire,Turquenish Empire,False
HD 4308,HD 4308,HD 4308,HIP 3497,1.0,1.0,<a refstr=TURNBULL_2015 href=https://ui.adsabs.harvard.edu/abs/2015arXiv151001731T/abstract target=ref>Turnbull 2015</a>,G5V,5695.0,1.02,0.93,-0.31,[Fe/H],0.029,4.41,8.68,,,,<a refstr=STASSUN_ET_AL__2019 href=https://ui.adsabs.harvard.edu/abs/2019AJ....158..138S/abstract target=ref>TICv8</a>,11.1652594,-65.6527159,-51.46078,304.05288,22.0158,6.55,6.37578,0,1,0,0,1,0,0,0,0,0,0,1,71.80585264799998,29.042831837320232,5.732337576108694,-65.41968128391453,0.0,0.0,1.0,0.3333333333333333,0,circle,0,,,71.80585264799998,Sol,HD 4308,0.4287,HD 10647,138,5,HD 216437,21.6361,0.3565,L 168-9,17.9853,0.3299,HD 207496,22.7588,0.326,nu Oct A,22.0301,0.2838,,,,,,,,,,True,Methan,,Methan,False
HIP 83020 A,HD 153557,HD 153557,HIP 83020 A,1.0,3.0,<a refstr=TURNBULL_2015 href=https://ui.adsabs.harvard.edu/abs/2015arXiv151001731T/abstract target=ref>Turnbull 2015</a>,K0,4649.0,0.84,0.73,,,-0.538,4.56,,,,,<a refstr=STASSUN_ET_AL__2019 href=https://ui.adsabs.harvard.edu/abs/2019AJ....158..138S/abstract target=ref>TICv8</a>,254.4706516,47.3678558,38.46731,73.37904,17.9412,7.83,7.50548,0,2,0,0,1,0,0,0,0,0,0,2,58.51630027199999,-10.610869033745432,-38.18559263006042,43.05145028175756,0.0,0.0,2.0,0.6666666666666666,0,circle,0,,,58.51630027199999,Sol,HD 153557,0.5061,GJ 685,139,5,HD 154345,1.4211,0.4055,14 Her,9.201,0.3923,TOI-2134,23.0762,0.4196,rho CrB,17.8281,0.3874,HD 168009,23.5265,0.3256,,,,,,,True,Methan,,Methan,False
14 Her,14 Her,HD 145675,HIP 79248,1.0,2.0,<a refstr=TURNBULL_2015 href=https://ui.adsabs.harvard.edu/abs/2015arXiv151001731T/abstract target=ref>Turnbull 2015</a>,K0V,5388.0,0.96,1.07,0.46,[Fe/H],-0.155,4.51,5.24,,,,<a refstr=STASSUN_ET_AL__2019 href=https://ui.adsabs.harvard.edu/abs/2019AJ....158..138S/abstract target=ref>TICv8</a>,242.6021014,43.8163621,46.94447,69.16849,17.9323,6.61935,6.383,0,2,0,0,1,0,0,0,0,0,0,0,58.487272388,-19.4200806289825,-37.46849684995809,40.4936197882655,0.0,0.0,0.0,0.0,0,circle,0,,,58.48727238800001,Sol,14 Her,0.4525,GJ 685,140,5,rho CrB,10.844,0.4303,HD 154345,10.0592,0.4132,,,,,,,,,,,,,,,,True,Methan,,Methan,False
HD 154345,HD 154345,HD 154345,HIP 83389,1.0,1.0,<a refstr=TURNBULL_2015 href=https://ui.adsabs.harvard.edu/abs/2015arXiv151001731T/abstract target=ref>Turnbull 2015</a>,G8V,5468.0,0.86,0.89,-0.1,[Fe/H],-0.187,4.53,4.92,,,,<a refstr=STASSUN_ET_AL__2019 href=https://ui.adsabs.harvard.edu/abs/2019AJ....158..138S/abstract target=ref>TICv8</a>,255.6524619,47.0855544,37.66299,73.02692,18.284,6.76,6.56771,0,1,0,0,1,0,0,0,0,0,0,0,59.63436303999999,-10.062128632363114,-39.33890547438858,43.67449299819536,0.0,0.0,0.0,0.0,0,circle,0,,,59.63436303999999,Sol,HD 154345,0.4187,GJ 685,141,5,TOI-2134,21.7371,0.4204,rho CrB,18.4804,0.3866,HD 168009,22.1624,0.3263,,,,,,,,,,,,,True,Methan,,Methan,False
HD 7924,HD 7924,HD 7924,HIP 6379,1.0,3.0,<a refstr=TURNBULL_2015 href=https://ui.adsabs.harvard.edu/abs/2015arXiv151001731T/abstract target=ref>Turnbull 2015</a>,K0,5177.0,0.78,0.83,-0.15,[Fe/H],-0.409,4.59,0.88,,,,<a refstr=STASSUN_ET_AL__2019 href=https://ui.adsabs.harvard.edu/abs/2019AJ....158..138S/abstract target=ref>TICv8</a>,20.4956562,76.7101475,13.94549,124.73557,16.9922,7.17896,6.92516,0,0,0,0,0,0,0,0,0,0,0,0,55.421079832,11.9335910259652,4.460755684638821,53.93688120101015,0.0,0.0,0.0,0.0,0,circle,0,,,55.421079832,Sol,HD 7924,0.4862,gam Cep,142,5,HD 216520,12.6968,0.3796,HD 33564,18.3738,0.3593,TOI-6324,21.4657,0.3268,,,,,,,,,,,,,True,Crystomorphs,,Crystomorphs,False
HD 216520,HD 216520,HD 216520,HIP 112527,1.0,2.0,<a refstr=BURT_ET_AL__2021 href=https://ui.adsabs.harvard.edu/abs/2021AJ....161...10B/abstract target=ref>Burt et al. 2021</a>,,5103.0,0.76,0.82,-0.16,[Fe/H],-0.452,4.54,6.0,,0.2,,<a refstr=STASSUN_ET_AL__2019 href=https://ui.adsabs.harvard.edu/abs/2019AJ....158..138S/abstract target=ref>TICv8</a>,341.8768719,83.6975307,21.68276,119.4454,19.552,7.53,7.27896,0,0,0,0,0,0,0,0,0,0,0,0,63.77002112,6.6531984166270375,-2.177573384045259,63.38460947762741,0.0,0.0,0.0,0.0,0,circle,0,,,63.77002112,Sol,HD 216520,0.4525,gam Cep,143,5,HD 33564,15.9167,0.3631,TOI-6324,18.8829,0.3289,psi1 Dra B,23.2562,0.2907,,,,,,,,,,,,,True,Crystomorphs,,Crystomorphs,False
TOI-6324,TOI-6324,,,1.0,1.0,<a refstr=LEE_ET_AL__2025 href=https://ui.adsabs.harvard.edu/abs/2025ApJ...983L..36L/abstract target=ref>Lee et al. 2025</a>,,3247.0,0.293,0.269,-0.32,[Fe/H],,4.93,,10.7,2.0,,<a refstr=STASSUN_ET_AL__2019 href=https://ui.adsabs.harvard.edu/abs/2019AJ....158..138S/abstract target=ref>TICv8</a>,330.844543,67.4986773,9.6839,107.87039,20.5488,13.386,12.214,0,0,0,0,0,0,0,0,0,0,0,0,67.02114412799999,22.39957107910919,-12.495853935581083,61.91887119544982,0.0,0.0,0.0,0.0,0,circle,0,,,67.02114412799999,Sol,TOI-6324,0.4187,gam Cep,144,5,GJ 4276,10.3746,0.4213,,,,,,,,,,,,,,,,,,,True,Crystomorphs,,Crystomorphs,False
rho CrB,rho CrB,HD 143761,HIP 78459,1.0,3.0,<a refstr=TURNBULL_2015 href=https://ui.adsabs.harvard.edu/abs/2015arXiv151001731T/abstract target=ref>Turnbull 2015</a>,G2V,5823.0,1.35,0.97,-0.2,[Fe/H],0.262,4.18,11.04,,,,<a refstr=STASSUN_ET_AL__2019 href=https://ui.adsabs.harvard.edu/abs/2019AJ....158..138S/abstract target=ref>TICv8</a>,240.2600639,33.3001861,48.92412,53.48367,17.4671,5.40816,5.24167,0,2,0,0,1,0,0,0,0,0,1,2,56.96999467599999,-23.62050365098333,-41.3441647979288,31.277981677516465,0.0,1.0,2.0,1.0,1,diamond,0,,,56.96999467599999,Sol,rho CrB,0.476,GJ 3942,145,5,,,,,,,,,,,,,,,,,,,,,,True,Methan,,Methan,False
HD 189733,HD 189733,HD 189733,HIP 98505,2.0,1.0,<a refstr=TORRES_ET_AL__2008 href=https://ui.adsabs.harvard.edu/abs/2008ApJ...677.1324T/abstract target=ref> Torres et al. 2008 </a>,,5040.0,0.756,0.806,-0.03,[Fe/H],-0.48,4.587,6.8,2.629,,,<a refstr=STASSUN_ET_AL__2019 href=https://ui.adsabs.harvard.edu/abs/2019AJ....158..138S/abstract target=ref>TICv8</a>,300.1821223,22.7097759,-3.92282,60.96214,19.7638,7.67,7.41432,0,1,0,0,1,0,0,0,0,0,0,0,64.460819528,29.89519684557309,-51.40197626553615,24.885965839868103,0.0,0.0,0.0,0.0,0,circle,0,,,64.460819528,Sol,HD 189733,0.3962,HD 190360,146,5,TOI-5789,8.2801,0.4637,,,,,,,,,,,,,,,,,,,True,Methan,,Methan,False
TOI-5789,TOI-5789,HD 191785,HIP 99452,1.0,4.0,<a refstr=BONOMO_ET_AL_2026 href=https://ui.adsabs.harvard.edu/abs/2026A&A...707A.197B/abstract target=ref>Bonomo et al. 2026</a>,K1 V,5185.0,0.833,0.821,-0.12,[Fe/H],-0.32883,4.511,9.4,2.0,,,<a refstr=STASSUN_ET_AL__2019 href=https://ui.adsabs.harvard.edu/abs/2019AJ....158..138S/abstract target=ref>TICv8</a>,302.7734475,16.1897138,-9.43797,56.68214,20.4581,7.35063,7.09999,0,0,0,0,0,0,0,0,0,0,0,0,66.725320636,34.68728786062021,-53.87895427466636,18.60426728253198,0.0,0.0,0.0,0.0,0,circle,0,,,66.725320636,Sol,TOI-5789,0.52,HD 190360,147,5,TOI-5799,24.034,0.3592,,,,,,,,,,,,,,,,,,,True,Human,Other Human,Other Human,False
GJ 4276,GJ 4276,,,1.0,1.0,<a refstr=NAGEL_ET_AL__2019 href=https://ui.adsabs.harvard.edu/abs/2019A&A...622A.153N/abstract target=ref>Nagel et al. 2019</a>,M4.0,3387.0,0.407,0.406,0.12,[Fe/H],-1.70553,4.97,6.9,,2.0,64.3,<a refstr=STASSUN_ET_AL__2019 href=https://ui.adsabs.harvard.edu/abs/2019AJ....158..138S/abstract target=ref>TICv8</a>,336.3221454,59.412503,1.64262,105.28992,21.3362,12.903,11.6605,0,1,0,0,1,0,0,0,0,0,1,1,69.589296472,32.42980923839666,-14.220743751029962,59.90616081336424,0.0,1.0,1.0,0.6666666666666666,0,circle,0,,,69.589296472,Sol,GJ 4276,0.4486,G 264-012,148,5,TOI-6255,24.2148,0.3253,,,,,,,,,,,,,,,,,,,True,Methan,,Methan,False
TOI-6255,TOI-6255,,,1.0,1.0,<a refstr=DAI_ET_AL__2024 href=https://ui.adsabs.harvard.edu/abs/2024AJ....168..101D/abstract target=ref>Dai et al. 2024</a>,,3421.0,0.37,0.353,-0.14,[Fe/H],,4.85,,9.8,,,<a refstr=STASSUN_ET_AL__2019 href=https://ui.adsabs.harvard.edu/abs/2019AJ....158..138S/abstract target=ref>TICv8</a>,331.5031606,39.2988284,-13.18873,91.25241,20.3167,12.747,11.6345,0,0,0,0,0,0,0,0,0,0,0,0,66.264136052,45.06595853728373,-24.465600310437733,41.96938776398459,0.0,0.0,0.0,0.0,0,circle,0,,,66.264136052,Sol,TOI-6255,0.4187,TYC 2187-512-1,149,5,,,,,,,,,,,,,,,,,,,,,,True,Human,Other Human,Other Human,False
TOI-2134,TOI-2134,,,1.0,2.0,<a refstr=RESCIGNO_ET_AL_2026 href=https://ui.adsabs.harvard.edu/abs/2026MNRAS.550g1265R/abstract target=ref>Rescigno et al. 2026</a>,K5 V,4580.0,0.709,0.744,0.12,[Fe/H],-0.7167,4.8,3.8,2.946537,2.0,48.94,<a refstr=STASSUN_ET_AL__2019 href=https://ui.adsabs.harvard.edu/abs/2019AJ....158..138S/abstract target=ref>TICv8</a>,271.9355015,39.0729269,24.73031,65.8713,22.6202,8.933,8.5077,0,1,0,0,1,0,0,0,0,1,1,1,73.77713951199999,1.9344810179855376,-57.2437861663573,46.50239825110663,1.0,1.0,1.0,1.0,0,circle,0,,,73.77713951199999,Sol,TOI-2134,0.5125,GJ 720 B,150,5,HD 168009,8.5299,0.3614,HD 164922,16.3578,0.4435,HD 156668,19.8038,0.3717,TOI-4438,24.8003,0.3251,HD 164595,22.9898,0.3133,HD 164595 B,23.0875,0.3033,G 229-20 A,23.6192,0.2806,True,Methan,,Methan,False
16 Cyg,HIP 96895,HD 186408,HIP 96895,3.0,1.0,<a refstr=TURNBULL_2015 href=https://ui.adsabs.harvard.edu/abs/2015arXiv151001731T/abstract target=ref>Turnbull 2015</a>,G2V,5781.0,1.26,1.02,0.1,[Fe/H],0.23,4.28,8.36,,,,<a refstr=STASSUN_ET_AL__2019 href=https://ui.adsabs.harvard.edu/abs/2019AJ....158..138S/abstract target=ref>TICv8</a>,295.4529704,50.5243764,13.21506,83.33877,21.1389,5.961,5.81614,0,0,0,0,0,0,0,0,0,0,0,0,68.94579068399999,18.837802041157097,-39.5778448089654,53.21892020304026,0.0,0.0,0.0,0.0,0,circle,0,,,68.94579068399999,Sol,HIP 96895,0.3738,GJ 720 B,151,5,16 Cyg B,0.0135,0.3535,TOI-1450 A,12.9527,0.3553,DMPP-4,13.7843,0.3397,HD 168009,20.5811,0.3274,WD 1856+534,15.1831,0.2899,G 229-20 B,15.2988,0.2896,G 229-20 A,15.3519,0.2895,True,Crystomorphs,,Crystomorphs,False
16 Cyg,16 Cyg B,HD 186427,HIP 96901,3.0,1.0,<a refstr=TURNBULL_2015 href=https://ui.adsabs.harvard.edu/abs/2015arXiv151001731T/abstract target=ref>Turnbull 2015</a>,G5V,5674.0,1.17,0.96,0.04,[Fe/H],0.143,4.3,11.8,,,,<a refstr=STASSUN_ET_AL__2019 href=https://ui.adsabs.harvard.edu/abs/2019AJ....158..138S/abstract target=ref>TICv8</a>,295.4656422,50.5168243,13.20446,83.33558,21.1397,6.215,6.06428,0,1,0,0,1,0,0,0,0,0,1,1,68.948399932,18.85028411993196,-39.58150834881431,53.215156098743165,0.0,1.0,1.0,0.6666666666666666,1,diamond,0,,,68.948399932,Sol,16 Cyg B,0.3536,GJ 720 B,152,5,TOI-1450 A,12.9641,0.3552,DMPP-4,13.7836,0.3397,HD 168009,20.588,0.3274,WD 1856+534,15.19,0.2899,G 229-20 B,15.3056,0.2896,G 229-20 A,15.3587,0.2895,,,,True,Methan,,Methan,False
HD 3765,HD 3765,HD 3765,HIP 3206,1.0,1.0,<a refstr=TURNBULL_2015 href=https://ui.adsabs.harvard.edu/abs/2015arXiv151001731T/abstract target=ref>Turnbull 2015</a>,K2V,5032.0,0.79,0.85,0.18,[Fe/H],-0.432,4.58,2.0,,,,<a refstr=STASSUN_ET_AL__2019 href=https://ui.adsabs.harvard.edu/abs/2019AJ....158..138S/abstract target=ref>TICv8</a>,10.2072994,40.1842918,-22.64223,120.73677,17.926,7.36,7.07827,0,1,0,0,1,0,0,0,0,0,0,1,58.46672455999999,43.96005375147034,7.915443994170889,37.72555236597456,0.0,0.0,1.0,0.3333333333333333,0,circle,0,,,58.46672456,Sol,HD 3765,0.4287,ups And,153,5,,,,,,,,,,,,,,,,,,,,,,True,Methan,,Methan,False
70 Vir,70 Vir,HD 117176,HIP 65721,1.0,1.0,<a refstr=TURNBULL_2015 href=https://ui.adsabs.harvard.edu/abs/2015arXiv151001731T/abstract target=ref>Turnbull 2015</a>,G5V,5545.0,1.88,1.1,-0.01,[Fe/H],0.501,3.96,7.92,,,,<a refstr=STASSUN_ET_AL__2019 href=https://ui.adsabs.harvard.edu/abs/2019AJ....158..138S/abstract target=ref>TICv8</a>,202.1064898,13.7763085,74.0991,337.65749,17.9011,4.96808,4.76178,0,1,0,0,1,0,0,0,0,0,0,1,58.385511716,-52.53724690631644,-21.34009606837474,13.90345157277334,0.0,0.0,1.0,0.3333333333333333,0,circle,0,,,58.385511716,Sol,70 Vir,0.4287,Ross 458,154,5,GJ 504,5.3835,0.3371,tau Boo,9.2049,0.2861,HD 114783,20.9032,0.3908,GJ 508.2,20.5183,0.3274,,,,,,,,,,True,Methan,,Methan,False
GJ 508.2,GJ 508.2,,HIP 65143,1.0,1.0,<a refstr=MORALES_ET_AL_2025 href=https://ui.adsabs.harvard.edu/abs/2025A&A...700A.242M/abstract target=ref>Morales et al. 2025</a>,M1.0 V,3720.0,0.53,0.54,-0.15,[Fe/H],,,,,2.0,36.0,<a refstr=STASSUN_ET_AL__2019 href=https://ui.adsabs.harvard.edu/abs/2019AJ....158..138S/abstract target=ref>TICv8</a>,200.2443854,34.2776644,80.44433,83.15516,16.6374,10.61,9.76539,0,0,0,0,0,0,0,0,0,0,0,0,54.263878344,-42.06928325652527,-15.515494565039427,30.561631625567813,0.0,0.0,0.0,0.0,0,circle,0,,,54.263878344,Sol,GJ 508.2,0.4187,Ross 458,155,5,HD 127506,24.8503,0.3549,GJ 504,24.1654,0.2853,tau Boo,16.6144,0.2594,,,,,,,,,,,,,True,Human,Mardat Coalition,Mardat Coalition,False
tau Boo,tau Boo,HD 120136,HIP 67275,2.0,1.0,<a refstr=BUTLER_ET_AL__1997 href=https://ui.adsabs.harvard.edu/abs/1997ApJ...474L.115B/abstract target=ref> Butler et al. 1997 </a>,F7 V,6450.0,,1.2,0.28,[Fe/H],,4.3,2.0,,14.8,4.0,<a refstr=STASSUN_ET_AL__2019 href=https://ui.adsabs.harvard.edu/abs/2019AJ....158..138S/abstract target=ref>TICv8</a>,206.8134593,17.4571647,73.89072,358.93289,15.6521,4.48635,4.36617,0,1,0,0,1,0,0,0,0,0,0,0,51.050263276,-43.46284598701953,-21.96747980359732,15.314706341816644,0.0,0.0,0.0,0.0,1,diamond,0,,,51.050263276,Sol,tau Boo,0.3463,GJ 3779,156,5,GJ 504,11.971,0.3124,,,,,,,,,,,,,,,,,,,True,Methan,,Methan,False
GJ 504,GJ 504,HD 115383,HIP 64792,1.0,1.0,<a refstr=KUZUHARA_ET_AL__2013 href=https://ui.adsabs.harvard.edu/abs/2013ApJ...774...11K/abstract target=ref> Kuzuhara et al. 2013 </a>,G0 V,6234.0,,1.22,0.28,[Fe/H],0.332,4.6,0.16,,,,<a refstr=STASSUN_ET_AL__2019 href=https://ui.adsabs.harvard.edu/abs/2019AJ....158..138S/abstract target=ref>TICv8</a>,199.192348,9.4249781,71.31364,322.78669,17.5299,5.18799,5.04156,0,1,0,0,1,0,0,0,0,0,0,1,57.174820644,-53.26814672396594,-18.541954854697952,9.362722383684584,0.0,0.0,1.0,0.3333333333333333,1,diamond,0,,,57.174820644,Sol,GJ 504,0.3787,GJ 3779,157,5,HD 114783,17.2312,0.3945,,,,,,,,,,,,,,,,,,,True,Methan,,Methan,False
HD 99492,HD 99492,HD 99492,HIP 55848,2.0,2.0,<a refstr=TURNBULL_2015 href=https://ui.adsabs.harvard.edu/abs/2015arXiv151001731T/abstract target=ref>Turnbull 2015</a>,K2/4,4955.0,0.76,0.83,0.36,[Fe/H],-0.469,4.61,8.6,,,,<a refstr=STASSUN_ET_AL__2019 href=https://ui.adsabs.harvard.edu/abs/2019AJ....158..138S/abstract target=ref>TICv8</a>,171.689687,3.0071331,58.5071,259.27385,18.2038,7.56727,7.26005,0,2,0,0,1,0,0,0,0,0,0,1,59.372785928,-58.66846198130376,8.56958810025674,3.114713051368935,0.0,0.0,1.0,0.3333333333333333,0,circle,0,,,59.372785928,Sol,HD 99492,0.4399,GJ 480,158,5,HIP 55846,0.0162,0.4298,HIP 54373,23.856,0.3592,,,,,,,,,,,,,,,,True,Methan,,Methan,False
HD 99492,HIP 55846,HD 99491,HIP 55846,2.0,2.0,<a refstr=TURNBULL_2015 href=https://ui.adsabs.harvard.edu/abs/2015arXiv151001731T/abstract target=ref>Turnbull 2015</a>,G6/8III/IV,5502.0,0.93,1.0,0.34,[Fe/H],-0.119,4.53,1.88,,,,<a refstr=STASSUN_ET_AL__2019 href=https://ui.adsabs.harvard.edu/abs/2019AJ....158..138S/abstract target=ref>TICv8</a>,171.6857105,3.0138783,58.50997,259.25991,18.1995,6.48616,6.28815,0,0,0,0,0,0,0,0,0,0,0,0,59.35876122,-58.65364573935219,8.571581555595378,3.120955733637744,0.0,0.0,0.0,0.0,0,circle,0,,,59.35876122000001,Sol,HIP 55846,0.43,GJ 480,159,5,HIP 54373,23.8601,0.3592,,,,,,,,,,,,,,,,,,,True,Human,Mardat Coalition,Mardat Coalition,False
HD 189567,HD 189567,HD 189567,HIP 98959,1.0,2.0,<a refstr=TURNBULL_2015 href=https://ui.adsabs.harvard.edu/abs/2015arXiv151001731T/abstract target=ref>Turnbull 2015</a>,G3V,5713.0,1.04,0.92,-0.23,[Fe/H],0.025,4.4,9.76,,,,<a refstr=STASSUN_ET_AL__2019 href=https://ui.adsabs.harvard.edu/abs/2019AJ....158..138S/abstract target=ref>TICv8</a>,301.3959616,-67.3237992,-31.99284,328.46185,17.9055,6.074,5.9098,0,0,0,0,0,0,0,0,0,0,0,0,58.39986258,11.728905964639823,-19.2180783653127,-53.88545423563042,0.0,0.0,0.0,0.0,0,circle,0,,,58.39986258,Sol,HD 189567,0.4525,HD 160691,160,5,GJ 1252,14.5432,0.3368,HD 207496,23.8219,0.3255,nu Oct A,17.2753,0.2882,,,,,,,,,,,,,True,Crystomorphs,,Crystomorphs,False
HD 177565,HD 177565,HD 177565,HIP 93858,1.0,1.0,<a refstr=TURNBULL_2015 href=https://ui.adsabs.harvard.edu/abs/2015arXiv151001731T/abstract target=ref>Turnbull 2015</a>,G8V,5648.0,0.99,0.97,0.09,[Fe/H],-0.027,4.46,6.88,,,,<a refstr=STASSUN_ET_AL__2019 href=https://ui.adsabs.harvard.edu/abs/2019AJ....158..138S/abstract target=ref>TICv8</a>,286.7175787,-37.8122394,-19.07842,359.44857,16.9179,6.15,5.9739,0,0,0,0,0,0,0,0,0,0,0,0,55.178745924,12.539583931489297,-41.75006751680051,-33.82875550346303,0.0,0.0,0.0,0.0,0,circle,0,,,55.178745924,Sol,HD 177565,0.4187,HD 160691,161,5,TOI-2194,15.2127,0.3348,,,,,,,,,,,,,,,,,,,True,Human,Industrial Hegemony,Industrial Hegemony,False
HD 86728,HD 86728,HD 86728,HIP 49081,1.0,1.0,<a refstr=TURNBULL_2015 href=https://ui.adsabs.harvard.edu/abs/2015arXiv151001731T/abstract target=ref>Turnbull 2015</a>,G1V,5700.0,1.06,0.96,0.2,[Fe/H],0.167,4.4,9.52,,,,<a refstr=STASSUN_ET_AL__2019 href=https://ui.adsabs.harvard.edu/abs/2019AJ....158..138S/abstract target=ref>TICv8</a>,150.250054,31.9218216,52.85093,195.01832,14.9202,5.37988,5.2094,0,0,0,0,0,0,0,0,0,0,0,0,48.663127512,-35.85994733804483,20.495603616549843,25.73119485284528,0.0,0.0,0.0,0.0,0,circle,0,,,48.663127512,Sol,HD 86728,0.4187,55 Cnc,162,5,HD 87883,11.3116,0.362,TOI-5388,12.3334,0.3487,,,,,,,,,,,,,,,,True,Human,Mardat Coalition,Mardat Coalition,False
HD 87883,HD 87883,HD 87883,HIP 49699,1.0,1.0,<a refstr=TURNBULL_2015 href=https://ui.adsabs.harvard.edu/abs/2015arXiv151001731T/abstract target=ref>Turnbull 2015</a>,K0,4958.0,0.78,0.8,0.07,[Fe/H],-0.456,4.56,9.84,,,,<a refstr=STASSUN_ET_AL__2019 href=https://ui.adsabs.harvard.edu/abs/2019AJ....158..138S/abstract target=ref>TICv8</a>,152.1794175,34.2419984,54.54018,191.18698,18.2912,7.56,7.27194,0,1,0,0,1,0,0,0,0,0,0,0,59.65784627199999,-43.61683799930004,23.01657786177012,33.56884282023247,0.0,0.0,0.0,0.0,0,circle,0,,,59.65784627199999,Sol,HD 87883,0.4187,55 Cnc,163,5,HD 97658,21.5107,0.3267,G 196-3,21.5763,0.3267,,,,,,,,,,,,,,,,True,Methan,,Methan,False
TOI-5388,TOI-5388,,,1.0,1.0,<a refstr=POULTOURTZIDIS_ET_AL_2026 href=https://ui.adsabs.harvard.edu/abs/2026A&A...707A.106P/abstract target=ref>Poultourtzidis et al. 2026</a>,M3.0 V,3440.0,0.3,0.292,-0.36,[Fe/H],-1.94539,4.99,,17.0,2.0,,<a refstr=STASSUN_ET_AL__2019 href=https://ui.adsabs.harvard.edu/abs/2019AJ....158..138S/abstract target=ref>TICv8</a>,152.1765169,35.5475571,54.51058,188.93782,18.5226,12.728,11.7284,0,0,0,0,0,0,0,0,0,0,0,0,60.412571256,-43.47100716041231,22.94243664322952,35.12256971082923,0.0,0.0,0.0,0.0,0,circle,0,,,60.412571256,Sol,TOI-5388,0.4187,55 Cnc,164,5,G 196-3,20.0209,0.3278,HD 97658,21.8746,0.3265,,,,,,,,,,,,,,,,True,Human,Mardat Coalition,Mardat Coalition,False
nu Oct,nu Oct A,HD 205478,HIP 107089,2.0,1.0,<a refstr=RAMM_ET_AL__2016 href=https://ui.adsabs.harvard.edu/abs/2016MNRAS.460.3706R/abstract target=ref>Ramm et al. 2016</a>,K0 III,4860.0,5.81,1.61,0.18,[Fe/H],,3.12,2.8,,2.0,,<a refstr=STASSUN_ET_AL__2019 href=https://ui.adsabs.harvard.edu/abs/2019AJ....158..138S/abstract target=ref>TICv8</a>,325.3702792,-77.3910853,-35.18844,314.28748,21.1999,3.73,3.44162,0,1,0,0,1,0,0,0,0,0,1,1,69.144745844,12.419938097789547,-8.577453333376754,-67.477168803916,0.0,1.0,1.0,0.6666666666666666,1,diamond,0,,,69.144745844,Sol,nu Oct A,0.3761,HD 39091,165,6,HD 207496,7.9031,0.3641,HD 199509,11.905,0.383,HD 216437,21.5401,0.3566,,,,,,,,,,,,,True,Methan,,Methan,False
CD-35 2722,CD-35 2722,,,2.0,1.0,<a refstr=WAHHAJ_ET_AL__2011 href=https://ui.adsabs.harvard.edu/abs/2011ApJ...729..139W/abstract target=ref>Wahhaj et al. 2011</a>,M1 Ve,3680.0,,0.4,0.04,[Fe/H],,,0.1,,,,<a refstr=STASSUN_ET_AL__2019 href=https://ui.adsabs.harvard.edu/abs/2019AJ....158..138S/abstract target=ref>TICv8</a>,92.3300147,-35.8255375,-23.50087,242.56023,22.3896,11.041,10.2176,0,0,0,0,0,0,0,0,0,0,0,0,73.025023776,-2.407151258336356,59.15995757445787,-42.74294257644413,0.0,0.0,0.0,0.0,1,diamond,0,,,73.02502377600001,Sol,CD-35 2722,0.3463,bet Pic,166,6,HD 45184,9.8876,0.3897,7 CMa,22.6729,0.4195,HD 39855,21.4806,0.3268,,,,,,,,,,,,,True,Aboreals,,Aboreals,False
7 CMa,7 CMa,HD 47205,HIP 31592,1.0,2.0,<a refstr=LUQUE_ET_AL__2019 href=https://ui.adsabs.harvard.edu/abs/2019A&A...631A.136L/abstract target=ref>Luque et al. 2019</a>,,4826.0,4.87,1.34,0.21,[Fe/H],1.06258,3.19,4.3,,,,<a refstr=STASSUN_ET_AL__2019 href=https://ui.adsabs.harvard.edu/abs/2019AJ....158..138S/abstract target=ref>TICv8</a>,99.171276,-19.2561808,-11.79597,228.68876,19.8101,3.95,3.67853,0,2,0,0,1,0,0,0,0,0,2,2,64.61182975599999,-9.722088729431194,60.217252774037405,-21.3084960403844,0.0,2.0,2.0,1.3333333333333333,0,circle,0,,,64.61182975599999,Sol,7 CMa,0.5122,HIP 38594,167,6,HD 45184,13.6683,0.3739,BD-06 1339,19.3712,0.4221,HD 39855,16.5546,0.332,,,,,,,,,,,,,True,Methan,,Methan,False
G 196-3,G 196-3,,,1.0,1.0,<a refstr=STASSUN_ET_AL__2019 href=https://ui.adsabs.harvard.edu/abs/2019AJ....158..138S/abstract target=ref>TICv8</a>,,3517.0,0.522432,0.519782,,,-1.42456,4.71783,,5.139226,,,<a refstr=STASSUN_ET_AL__2019 href=https://ui.adsabs.harvard.edu/abs/2019AJ....158..138S/abstract target=ref>TICv8</a>,151.0884754,50.3861806,50.75922,165.11109,21.7912,11.672,10.6123,0,0,0,0,0,0,0,0,0,0,0,0,71.073306272,-39.66905290256727,21.908905507810275,54.751995084167234,0.0,0.0,0.0,0.0,0,circle,0,,,71.07330627199998,Sol,G 196-3,0.4187,Gl 378,168,6,HIP 55507,21.4603,0.3268,,,,,,,,,,,,,,,,,,,True,Crystomorphs,,Crystomorphs,False
GJ 463,GJ 463,,HIP 60398,1.0,1.0,<a refstr=ENDL_ET_AL__2022 href=https://ui.adsabs.harvard.edu/abs/2022AJ....164..238E/abstract target=ref>Endl et al. 2022</a>,M3 V,3540.0,0.49,0.49,,,,4.86,,,2.0,14.0,<a refstr=STASSUN_ET_AL__2019 href=https://ui.adsabs.harvard.edu/abs/2019AJ....158..138S/abstract target=ref>TICv8</a>,185.7440496,64.0324311,52.8104,128.07997,18.3554,11.595,10.5462,0,1,0,0,1,0,0,0,0,0,0,0,59.86723842399999,-26.081987983540063,-2.623581933684918,53.823163760408725,0.0,0.0,0.0,0.0,0,circle,0,,,59.86723842399999,Sol,GJ 463,0.4187,HD 238090,169,6,,,,,,,,,,,,,,,,,,,,,,True,Methan,,Methan,False
HD 215152,HD 215152,HD 215152,HIP 112190,1.0,4.0,<a refstr=DELISLE_ET_AL__2018 href=https://ui.adsabs.harvard.edu/abs/2018A&A...614A.133D/abstract target=ref>Delisle et al. 2018</a>,K3 V,4935.0,0.73,0.77,-0.1,[Fe/H],,4.4,,,3.35,42.0,<a refstr=STASSUN_ET_AL__2019 href=https://ui.adsabs.harvard.edu/abs/2019AJ....158..138S/abstract target=ref>TICv8</a>,340.8380941,-6.4020685,-53.19847,61.33593,21.5974,8.11,7.80163,0,0,0,0,0,0,0,0,0,0,0,0,70.44121594399999,66.12346674400706,-22.97734404977452,-7.854534349133838,0.0,0.0,0.0,0.0,0,circle,0,,,70.441215944,Sol,HD 215152,0.52,HD 217107,170,6,GJ 900 A,18.442,0.2343,,,,,,,,,,,,,,,,,,,True,Human,Other Human,Other Human,False
GJ 900,GJ 900 A,,HIP 116384,3.0,1.0,<a refstr=ROTHERMICH_ET_AL__2024 href=https://ui.adsabs.harvard.edu/abs/2024AJ....167..253R/abstract target=ref>Rothermich et al. 2024</a>,K7,,,1.08,-0.63,[Fe/H],,,0.2,,,11.9,<a refstr=STASSUN_ET_AL__2019 href=https://ui.adsabs.harvard.edu/abs/2019AJ....158..138S/abstract target=ref>TICv8</a>,353.7526177,1.6055211,-55.87877,87.24859,20.8065,9.59,9.02571,0,1,0,0,1,0,0,0,0,0,0,0,67.86164814,67.4321559954744,-7.381904420121464,1.9013451058031607,0.0,0.0,0.0,0.0,1,diamond,0,,,67.86164814,Sol,GJ 900 A,0.3237,HD 217107,171,6,HD 1461,20.1966,0.3614,TOI-260,18.6533,0.3291,,,,,,,,,,,,,,,,True,Human,Other Human,Other Human,False
TOI-260,TOI-260,,HIP 1532,1.0,1.0,<a refstr=HOBSON_ET_AL_2024 href=https://ui.adsabs.harvard.edu/abs/2024A&A...688A.216H/abstract target=ref>Hobson et al. 2024</a>,K8 V,4026.0,0.607,0.616,-0.47,[Fe/H],-1.05899,4.45,,,,31.0,<a refstr=STASSUN_ET_AL__2019 href=https://ui.adsabs.harvard.edu/abs/2019AJ....158..138S/abstract target=ref>TICv8</a>,4.7730178,-9.9661505,-71.21935,97.4431,20.1852,9.9,9.3124,0,0,0,0,0,0,0,0,0,0,0,0,65.83524091199999,64.61693700797201,5.39539250032574,-11.3938640248286,0.0,0.0,0.0,0.0,0,circle,0,,,65.83524091199999,Sol,TOI-260,0.4187,HD 217107,172,6,HD 1461,10.9201,0.4046,HIP 4845,12.8464,0.3447,TOI-4527,24.0012,0.3254,TOI-198,24.3976,0.3252,,,,,,,,,,True,Human,Turquenish Empire,Turquenish Empire,False
LTT 1445,LTT 1445 B,,,3.0,2.0,<a refstr=STASSUN_ET_AL__2019 href=https://ui.adsabs.harvard.edu/abs/2019AJ....158..138S/abstract target=ref>TICv8</a>,,,0.384692,0.374101,,,,4.84083,,9.264349,,,<a refstr=STASSUN_ET_AL__2019 href=https://ui.adsabs.harvard.edu/abs/2019AJ....158..138S/abstract target=ref>TICv8</a>,45.462819,-16.591852,-58.07432,200.48285,17.94686,10.6,,0,0,0,0,0,0,0,0,0,0,0,0,58.5347607016,39.34525608759739,39.98608602878478,-16.71472278841555,0.0,0.0,0.0,0.0,0,circle,0,,,58.53476070159999,Sol,LTT 1445 B,0.4075,HD 21175 B,173,6,HIP 12961,19.6819,0.3881,BD-210397,23.8117,0.3593,HD 19994,23.2564,0.3106,,,,,,,,,,,,,True,Human,Turquenish Empire,Turquenish Empire,False
GJ 27.1,GJ 27.1,,HIP 3143,1.0,1.0,<a refstr=TUOMI_ET_AL__2014 href=https://ui.adsabs.harvard.edu/abs/2014MNRAS.441.1545T/abstract target=ref>Tuomi et al. 2014</a>,M0.5 V,3542.0,,0.53,,,-1.58503,,,,,,<a refstr=STASSUN_ET_AL__2019 href=https://ui.adsabs.harvard.edu/abs/2019AJ....158..138S/abstract target=ref>TICv8</a>,9.9980016,-44.2541679,-72.72011,309.84569,23.6062,11.45,10.579,0,0,0,0,0,0,0,0,0,0,0,0,76.993037672,54.30889115292708,9.574169699671822,-53.729018847019866,0.0,0.0,0.0,0.0,0,circle,0,,,76.993037672,Sol,GJ 27.1,0.4187,GJ 3090,174,6,HD 142,13.554,0.4255,TOI-244,11.0548,0.3674,TOI-198,24.4516,0.3252,,,,,,,,,,,,,True,Human,Turquenish Empire,Turquenish Empire,False
HD 142,HD 142,HD 142,HIP 522,2.0,3.0,<a refstr=TURNBULL_2015 href=https://ui.adsabs.harvard.edu/abs/2015arXiv151001731T/abstract target=ref>Turnbull 2015</a>,F7V,6249.0,1.4,1.23,0.1,[Fe/H],0.477,4.26,3.12,,,,<a refstr=STASSUN_ET_AL__2019 href=https://ui.adsabs.harvard.edu/abs/2019AJ....158..138S/abstract target=ref>TICv8</a>,1.5836771,-49.0753625,-66.38756,321.5814,26.1853,5.7,5.58442,0,3,0,0,1,0,0,0,0,0,1,2,85.404927068,55.92447499167622,1.5461674948947906,-64.52955935440372,0.0,1.0,2.0,1.0,0,circle,0,,,85.404927068,Sol,HD 142,0.5035,GJ 3090,175,6,L 168-9,19.0054,0.3287,TOI-244,23.3849,0.3257,,,,,,,,,,,,,,,,True,Methan,,Methan,False
HD 13808,HD 13808,HD 13808,HIP 10301,1.0,2.0,<a refstr=AHRER_ET_AL_2021 href=https://ui.adsabs.harvard.edu/abs/2021MNRAS.503.1248A/abstract target=ref>Ahrer et al. 2021</a>,K2 V,5035.0,0.781,0.771,-0.21,[Fe/H],,,7.2,,,38.99,<a refstr=STASSUN_ET_AL__2019 href=https://ui.adsabs.harvard.edu/abs/2019AJ....158..138S/abstract target=ref>TICv8</a>,33.1780708,-53.7437591,-59.46088,279.09436,28.2305,8.36,8.11006,0,0,0,0,0,0,0,0,0,0,0,0,92.07546958,45.57590412174294,29.79912901766417,-74.24783479436827,0.0,0.0,0.0,0.0,0,circle,0,,,92.07546958,Sol,HD 13808,0.4525,GJ 3090,176,6,,,,,,,,,,,,,,,,,,,,,,True,Crystomorphs,,Crystomorphs,False
TOI-244,TOI-244,,,1.0,1.0,<a refstr=CASTRO_GONZALEZ_ET_AL_2023 href=https://ui.adsabs.harvard.edu/abs/2023A&A...675A..52C/abstract target=ref>Castro-Gonz&aacute;lez et al. 2023</a>,M2.5 V,3433.0,0.426,0.428,-0.39,[Fe/H],-1.64264,4.66,7.0,,,53.3,<a refstr=STASSUN_ET_AL__2019 href=https://ui.adsabs.harvard.edu/abs/2019AJ....158..138S/abstract target=ref>TICv8</a>,10.5697537,-36.7179743,-80.21632,313.7951,22.0337,12.861,11.553,0,0,0,0,0,0,0,0,0,0,0,0,71.864234572,56.628084930969365,10.566720289842456,-42.96594733025902,0.0,0.0,0.0,0.0,0,circle,0,,,71.864234572,Sol,TOI-244,0.4187,GJ 3090,177,6,TOI-198,16.4069,0.3323,,,,,,,,,,,,,,,,,,,True,Human,Turquenish Empire,Turquenish Empire,False
HIP 104436,HD 199509,HD 199509,HIP 104436,1.0,1.0,<a refstr=TURNBULL_2015 href=https://ui.adsabs.harvard.edu/abs/2015arXiv151001731T/abstract target=ref>Turnbull 2015</a>,G3V,5770.0,0.92,0.96,-0.31,[Fe/H],-0.081,4.51,1.6,,,,<a refstr=STASSUN_ET_AL__2019 href=https://ui.adsabs.harvard.edu/abs/2019AJ....158..138S/abstract target=ref>TICv8</a>,317.3445632,-82.0274926,-31.43071,310.63182,24.3056,6.98,6.817,0,1,0,0,1,0,0,0,0,0,1,1,79.27417273599998,8.086302581585219,-7.450188863117466,-78.5079668533079,0.0,1.0,1.0,0.6666666666666666,0,circle,0,,,79.27417273599998,Sol,HD 199509,0.4486,GJ 3021,178,6,HD 207496,7.3037,0.3669,HD 216437,20.6744,0.3572,TOI-912,18.4031,0.3294,HD 155918,20.8735,0.2609,,,,,,,,,,True,Methan,,Methan,False
HD 207496,HD 207496,HD 207496,HIP 108162 A,1.0,1.0,<a refstr=BARROS_ET_AL__2023 href=https://ui.adsabs.harvard.edu/abs/2023A&A...673A...4B/abstract target=ref>Barros et al. 2023</a>,K2.5 V,4819.0,0.769,0.8,0.095,[Fe/H],,4.507,0.52,2.495393,,12.36,<a refstr=STASSUN_ET_AL__2019 href=https://ui.adsabs.harvard.edu/abs/2019AJ....158..138S/abstract target=ref>TICv8</a>,328.7181708,-77.3388025,-35.79483,313.77934,23.606,8.23,7.97255,0,0,0,0,0,0,0,0,0,0,0,0,76.99238536,14.422296948753791,-8.762630452286992,-75.12017746052895,0.0,0.0,0.0,0.0,0,circle,0,,,76.99238536,Sol,HD 207496,0.4187,GJ 3021,179,6,HD 181433,24.4792,0.3927,HD 216437,15.5785,0.3638,,,,,,,,,,,,,,,,True,Crystomorphs,,Crystomorphs,False
GJ 160.2,GJ 160.2,,HIP 19165,1.0,1.0,<a refstr=TUOMI_ET_AL__2014 href=https://ui.adsabs.harvard.edu/abs/2014MNRAS.441.1545T/abstract target=ref>Tuomi et al. 2014</a>,M0 V,4347.0,,0.69,,,-0.79588,,,,,43.6,<a refstr=STASSUN_ET_AL__2019 href=https://ui.adsabs.harvard.edu/abs/2019AJ....158..138S/abstract target=ref>TICv8</a>,61.6454173,-20.8564724,-45.26015,215.8726,25.8557,9.7,9.20154,0,0,0,0,0,0,0,0,0,0,0,0,84.32991689199999,37.42623316833638,69.34970633951734,-30.02382694567181,0.0,0.0,0.0,0.0,0,circle,0,,,84.32991689199997,Sol,GJ 160.2,0.4187,GJ 3293,180,6,HD 21411,23.3635,0.3556,TOI-2427,22.4635,0.3262,,,,,,,,,,,,,,,,True,Human,Turquenish Empire,Turquenish Empire,False
HD 45184,HD 45184,HD 45184,HIP 30503,1.0,2.0,<a refstr=UDRY_ET_AL__2019 href=https://ui.adsabs.harvard.edu/abs/2019A&A...622A..37U/abstract target=ref>Udry et al. 2019</a>,G1.5 V,5869.0,,1.03,0.04,[Fe/H],0.05308,4.47,,,2.1,21.5,<a refstr=STASSUN_ET_AL__2019 href=https://ui.adsabs.harvard.edu/abs/2019AJ....158..138S/abstract target=ref>TICv8</a>,96.1820205,-28.7806402,-18.07374,236.62565,21.9532,6.383,6.21037,0,0,0,0,0,0,0,0,0,0,0,0,71.60167899199999,-6.75810287110747,62.39173908601843,-34.47316889813208,0.0,0.0,0.0,0.0,0,circle,0,,,71.60167899199999,Sol,HD 45184,0.4525,GJ 3341,181,6,HD 39855,15.2323,0.3348,,,,,,,,,,,,,,,,,,,True,Aboreals,,Aboreals,False
HD 39855,HD 39855,HD 39855,HIP 27922 A,1.0,1.0,<a refstr=TURNBULL_2015 href=https://ui.adsabs.harvard.edu/abs/2015arXiv151001731T/abstract target=ref>Turnbull 2015</a>,G6V,5510.0,0.79,0.85,,,-0.284,4.63,,,,,<a refstr=STASSUN_ET_AL__2019 href=https://ui.adsabs.harvard.edu/abs/2019AJ....158..138S/abstract target=ref>TICv8</a>,88.6260731,-19.7044472,-21.08506,224.96554,23.2599,7.51,7.32113,0,0,0,0,0,0,0,0,0,0,0,0,75.86355944399999,1.7124868830337798,71.4007881598215,-25.57878985302177,0.0,0.0,0.0,0.0,0,circle,0,,,75.86355944399997,Sol,HD 39855,0.4187,GJ 3341,182,6,BD-06 1339,19.5205,0.422,AF Lep,18.6605,0.2291,,,,,,,,,,,,,,,,True,Human,Turquenish Empire,Turquenish Empire,False
HD 216437,HD 216437,HD 216437,HIP 113137,1.0,1.0,<a refstr=TURNBULL_2015 href=https://ui.adsabs.harvard.edu/abs/2015arXiv151001731T/abstract target=ref>Turnbull 2015</a>,G2/3IV,5849.0,1.48,1.12,0.22,[Fe/H],0.387,4.18,7.16,,,,<a refstr=STASSUN_ET_AL__2019 href=https://ui.adsabs.harvard.edu/abs/2019AJ....158..138S/abstract target=ref>TICv8</a>,343.6639631,-70.0733957,-43.90561,316.2728,26.6902,6.04,5.89397,0,1,0,0,1,0,0,0,0,0,1,1,87.051688712,28.470854314224937,-8.344902342809943,-81.83990204733931,0.0,1.0,1.0,0.6666666666666666,0,circle,0,,,87.051688712,Sol,HD 216437,0.4486,HD 4308,183,6,HD 219077,14.5811,0.3367,L 168-9,16.0472,0.3329,HD 221420,19.3203,0.3284,,,,,,,,,,,,,True,Methan,,Methan,False
L 168-9,L 168-9,,HIP 115211,1.0,1.0,<a refstr=ASTUDILLO_DEFRU_ET_AL__2020 href=https://ui.adsabs.harvard.edu/abs/2020A&A...636A..58A/abstract target=ref>Astudillo-Defru et al. 2020</a>,M1 V,3800.0,0.6,0.62,0.04,[Fe/H],-1.17198,4.04,,,,29.8,<a refstr=STASSUN_ET_AL__2019 href=https://ui.adsabs.harvard.edu/abs/2019AJ....158..138S/abstract target=ref>TICv8</a>,350.0285917,-60.0657292,-53.55913,321.95595,25.1496,11.005,10.2316,0,0,0,0,0,0,0,0,0,0,0,0,82.026929376,40.31363793232407,-7.087641127164516,-71.08440815515945,0.0,0.0,0.0,0.0,0,circle,0,,,82.026929376,Sol,L 168-9,0.4187,HD 4308,184,6,HD 219077,13.8237,0.3395,,,,,,,,,,,,,,,,,,,True,Crystomorphs,,Crystomorphs,False
HD 168009,HD 168009,HD 168009,HIP 89474,1.0,1.0,<a refstr=TURNBULL_2015 href=https://ui.adsabs.harvard.edu/abs/2015arXiv151001731T/abstract target=ref>Turnbull 2015</a>,G2V,5767.0,1.17,0.98,0.0,[Fe/H],0.149,4.31,9.68,,,,<a refstr=STASSUN_ET_AL__2019 href=https://ui.adsabs.harvard.edu/abs/2019AJ....158..138S/abstract target=ref>TICv8</a>,273.8847918,45.2088229,24.92402,72.81394,23.3032,6.295,6.14052,0,0,0,0,0,0,0,0,0,0,0,0,76.004784992,3.6278524447573535,-53.42423056099846,53.93901757804358,0.0,0.0,0.0,0.0,0,circle,0,,,76.004784992,Sol,HD 168009,0.4187,HD 153557,185,6,HD 158259,20.0689,0.4628,HD 164922,24.8423,0.4363,TOI-1450 A,20.8665,0.3384,DMPP-4,20.909,0.3271,WD 1856+534,15.3896,0.2894,G 229-20 B,15.4501,0.2893,G 229-20 A,15.4769,0.2892,True,Crystomorphs,,Crystomorphs,False
HD 33564,HD 33564,HD 33564,HIP 25110,1.0,1.0,<a refstr=GALLAND_ET_AL__2005 href=https://ui.adsabs.harvard.edu/abs/2005A&A...444L..21G/abstract target=ref> Galland et al. 2005 </a>,F6 V,6250.0,,1.25,-0.12,[Fe/H],,4.0,3.0,,12.0,,<a refstr=STASSUN_ET_AL__2019 href=https://ui.adsabs.harvard.edu/abs/2019AJ....158..138S/abstract target=ref>TICv8</a>,80.6378979,79.2318488,22.64801,133.73361,20.9531,5.10111,4.97155,0,1,0,0,1,0,0,0,0,0,1,1,68.33979283599999,2.0770596145261018,12.598209483495763,67.1364150520048,0.0,1.0,1.0,0.6666666666666666,0,circle,0,,,68.33979283599999,Sol,HD 33564,0.4486,HD 7924,186,6,,,,,,,,,,,,,,,,,,,,,,True,Crystomorphs,,Crystomorphs,True
psi1 Dra,psi1 Dra B,HD 162004,HIP 86620,3.0,1.0,<a refstr=ENDL_ET_AL__2016 href=https://ui.adsabs.harvard.edu/abs/2016ApJ...818...34E/abstract target=ref>Endl et al. 2016</a>,G0 V,6212.0,,1.19,0.01,[Fe/H],,4.2,3.3,,,,<a refstr=STASSUN_ET_AL__2019 href=https://ui.adsabs.harvard.edu/abs/2019AJ....158..138S/abstract target=ref>TICv8</a>,265.4925754,72.1557114,31.02766,102.97614,22.7188,5.808,5.64766,0,1,0,0,1,0,0,0,0,0,0,1,74.098729328,-1.7844381999134862,-22.635935415325022,70.5340477798356,0.0,0.0,1.0,0.3333333333333333,0,circle,0,,,74.098729328,Sol,psi1 Dra B,0.3837,HD 216520,187,6,TOI-1450 A,19.9789,0.3391,HD 150706,21.9973,0.3264,,,,,,,,,,,,,,,,True,Methan,,Methan,False
TOI-5799,TOI-5799,,,1.0,2.0,<a refstr=YALCINKAYA_ET_AL_2025 href=https://ui.adsabs.harvard.edu/abs/2025A&A...702A.209Y/abstract target=ref>Yal&ccedil;inkaya et al. 2025</a>,M2 V,3452.0,0.321,0.325,0.01,[Fe/H],,4.936,9.6,13.8,,,<a refstr=STASSUN_ET_AL__2019 href=https://ui.adsabs.harvard.edu/abs/2019AJ....158..138S/abstract target=ref>TICv8</a>,301.630179,15.9891418,-8.60952,55.92403,27.8123,13.29,12.3212,0,0,0,0,0,0,0,0,0,0,0,0,90.711485188,45.73184523861875,-74.24839579241021,24.98694855994565,0.0,0.0,0.0,0.0,0,circle,0,,,90.711485188,Sol,TOI-5799,0.4525,TOI-5789,188,6,GJ 9689,10.5473,0.3834,,,,,,,,,,,,,,,,,,,True,Human,Other Human,Other Human,False
HD 164922,HD 164922,HD 164922,HIP 88348,1.0,4.0,<a refstr=BENATTI_ET_AL__2020 href=https://ui.adsabs.harvard.edu/abs/2020A&A...639A..50B/abstract target=ref>Benatti et al. 2020</a>,,5390.0,0.946,0.926,0.18,[Fe/H],-0.14874,4.46,9.58,,2.0,42.3,<a refstr=STASSUN_ET_AL__2019 href=https://ui.adsabs.harvard.edu/abs/2019AJ....158..138S/abstract target=ref>TICv8</a>,270.6304652,26.3104077,21.78318,52.29591,22.0016,7.01227,6.78614,0,1,0,0,1,0,0,0,0,0,0,1,71.75953849599999,0.7078057429136119,-64.32178173014722,31.80626937018081,0.0,0.0,1.0,0.3333333333333333,0,circle,0,,,71.75953849599999,Sol,HD 164922,0.5299,TOI-2134,189,6,GJ 3998,24.714,0.3926,HD 156668,15.5759,0.3777,HD 164595,20.9197,0.3146,HD 164595 B,21.0275,0.3046,,,,,,,,,,True,Methan,,Methan,False
HD 156668,HD 156668,HD 156668,HIP 84607,1.0,2.0,<a refstr=HOWARD_ET_AL__2011 href=https://ui.adsabs.harvard.edu/abs/2011ApJ...726...73H/abstract target=ref> Howard et al. 2011 </a>,,4850.0,0.72,0.772,0.05,[Fe/H],0.23,4.598,8.6,,0.5,,<a refstr=STASSUN_ET_AL__2019 href=https://ui.adsabs.harvard.edu/abs/2019AJ....158..138S/abstract target=ref>TICv8</a>,259.4183491,29.228161,32.1149,51.96923,24.3323,8.43,8.10753,0,1,0,0,1,0,0,0,0,0,0,1,79.361256388,-12.718145253881422,-68.07938218691491,38.75120021149044,0.0,0.0,1.0,0.3333333333333333,0,circle,0,,,79.361256388,Sol,HD 156668,0.4624,TOI-2134,190,6,HIP 86221,18.1579,0.3297,TOI-6086,24.6767,0.3251,HD 164595,18.9327,0.3163,HD 164595 B,19.0414,0.3062,,,,,,,,,,True,Methan,,Methan,False
TOI-4438,TOI-4438,,,1.0,1.0,<a refstr=SERRANO_BELL_ET_AL_2026 href=https://ui.adsabs.harvard.edu/abs/2026arXiv260713333S/abstract target=ref>Serrano Bell et al. 2026</a>,M3.5 V,3501.0,0.365,0.345,0.07,[M/H],-1.76802,4.67,4.8,,,77.6,<a refstr=STASSUN_ET_AL__2019 href=https://ui.adsabs.harvard.edu/abs/2019AJ....158..138S/abstract target=ref>TICv8</a>,270.3172389,35.5948992,24.9965,61.79465,30.0346,13.69,12.5196,0,0,0,0,0,0,0,0,0,0,0,0,97.959649976,0.4410429189645041,-79.65492128613083,57.01747117738886,0.0,0.0,0.0,0.0,0,circle,0,,,97.959649976,Sol,TOI-4438,0.4187,TOI-2134,191,6,TOI-6086,12.6382,0.3462,HD 164595,11.5504,0.3454,HD 164595 B,11.5076,0.3361,HIP 86221,15.7399,0.3336,TOI-2136,19.2414,0.3285,,,,,,,True,Human,Industrial Hegemony,Industrial Hegemony,False
HD 164595,HD 164595,HD 164595,HIP 88194,2.0,1.0,<a refstr=TURNBULL_2015 href=https://ui.adsabs.harvard.edu/abs/2015arXiv151001731T/abstract target=ref>Turnbull 2015</a>,G2V,5745.0,1.04,0.97,-0.06,[Fe/H],0.037,4.41,7.12,,,,<a refstr=STASSUN_ET_AL__2019 href=https://ui.adsabs.harvard.edu/abs/2019AJ....158..138S/abstract target=ref>TICv8</a>,270.1613723,29.5726698,23.27765,55.46741,28.254,7.08597,6.89472,0,1,0,0,1,0,0,0,0,0,0,1,92.15211624,0.2257333707548818,-80.14718288567366,45.47956296454681,0.0,0.0,1.0,0.3333333333333333,0,circle,0,,,92.15211624,Sol,HD 164595,0.4062,TOI-2134,192,6,HD 164595 B,0.1195,0.3951,HIP 86221,9.7568,0.3564,TOI-6086,12.6593,0.3461,,,,,,,,,,,,,True,Human,Industrial Hegemony,Industrial Hegemony,True
HD 164595,HD 164595 B,HD 164595 B,,2.0,1.0,<a refstr=STASSUN_ET_AL__2019 href=https://ui.adsabs.harvard.edu/abs/2019AJ....158..138S/abstract target=ref>TICv8</a>,,3535.0,0.447928,0.444335,,,-1.54933,4.78336,,6.970294,,,<a refstr=STASSUN_ET_AL__2019 href=https://ui.adsabs.harvard.edu/abs/2019AJ....158..138S/abstract target=ref>TICv8</a>,270.1886117,29.5665104,23.25325,55.4695,28.2886,12.605,11.6261,0,0,0,0,0,0,0,0,0,0,0,0,92.264966216,0.2641759028950549,-80.25010967072028,45.5266306656809,0.0,0.0,0.0,0.0,0,circle,0,,,92.264966216,Sol,HD 164595 B,0.3962,TOI-2134,193,6,HIP 86221,9.7472,0.3565,TOI-6086,12.5925,0.3466,,,,,,,,,,,,,,,,True,Human,Industrial Hegemony,Industrial Hegemony,False
WD 1856+534,G 229-20 A,,,3.0,1.0,<a refstr=VANDERBURG_ET_AL__2020 href=https://ui.adsabs.harvard.edu/abs/2020Natur.585..363V/abstract target=ref>Vanderburg et al. 2020</a>,,3521.0,0.35,0.335,,,,,,,,,<a refstr=STASSUN_ET_AL__2019 href=https://ui.adsabs.harvard.edu/abs/2019AJ....158..138S/abstract target=ref>TICv8</a>,284.4100189,53.5206754,20.62965,83.50933,24.7974,13.1525,12.0242,0,0,0,0,0,0,0,0,0,0,0,0,80.878207944,11.966331750779274,-46.57197498036348,65.0318581242424,0.0,0.0,0.0,0.0,0,circle,0,,,80.87820794399998,Sol,G 229-20 A,0.3738,TOI-2134,194,6,G 229-20 B,0.0652,0.3731,WD 1856+534,0.2013,0.3718,DMPP-4,8.7881,0.3603,TOI-1450 A,10.8585,0.3838,HD 158259,21.5667,0.4617,,,,,,,True,Crystomorphs,,Crystomorphs,False
TOI-1450,TOI-1450 A,,,2.0,2.0,<a refstr=BRADY_ET_AL_2024 href=https://ui.adsabs.harvard.edu/abs/2024AJ....168...67B/abstract target=ref>Brady et al. 2024</a>,M3.0 V,3437.0,0.483,0.48,-0.12,[Fe/H],,4.76,,6.42,,35.0,<a refstr=STASSUN_ET_AL__2019 href=https://ui.adsabs.harvard.edu/abs/2019AJ....158..138S/abstract target=ref>TICv8</a>,286.8540627,59.0866254,21.06076,89.62124,22.4467,12.28,11.2394,0,0,0,0,0,0,0,0,0,0,0,0,73.211258852,10.9049367878677,-35.99610632320984,62.81123391492425,0.0,0.0,0.0,0.0,0,circle,0,,,73.211258852,Sol,TOI-1450 A,0.43,HIP 96895,195,6,WD 1856+534,10.7212,0.3318,G 229-20 B,10.8109,0.329,DMPP-4,15.1166,0.3351,,,,,,,,,,,,,True,Crystomorphs,,Crystomorphs,False
DMPP-4,DMPP-4,HD 184960,HIP 96258,1.0,1.0,<a refstr=BARNES_ET_AL_2023 href=https://ui.adsabs.harvard.edu/abs/2023MNRAS.524.5196B/abstract target=ref>Barnes et al. 2023</a>,F5-F8 V,6400.0,1.38,1.25,-0.007,[Fe/H],0.45939,4.24,2.15,,7.5,,<a refstr=STASSUN_ET_AL__2019 href=https://ui.adsabs.harvard.edu/abs/2019AJ....158..138S/abstract target=ref>TICv8</a>,293.5826648,51.2358069,14.58774,83.46183,25.3284,5.72936,5.60037,0,0,0,0,0,0,0,0,0,0,0,0,82.610096304,20.693134306150625,-47.40380213528114,64.41352146143605,0.0,0.0,0.0,0.0,0,circle,0,,,82.610096304,Sol,DMPP-4,0.4187,HIP 96895,196,6,G 229-20 B,8.7978,0.3152,WD 1856+534,8.8099,0.3152,,,,,,,,,,,,,,,,True,Crystomorphs,,Crystomorphs,False
WD 1856+534,WD 1856+534,,,3.0,1.0,<a refstr=VANDERBURG_ET_AL__2020 href=https://ui.adsabs.harvard.edu/abs/2020Natur.585..363V/abstract target=ref>Vanderburg et al. 2020</a>,DC,4710.0,0.0131,0.518,,,,7.915,7.93,,,,<a refstr=STASSUN_ET_AL__2019 href=https://ui.adsabs.harvard.edu/abs/2019AJ....158..138S/abstract target=ref>TICv8</a>,284.415675,53.5090244,20.62284,83.49862,24.7359,17.244,16.958,0,0,0,0,0,0,0,0,0,0,0,0,80.677622004,11.944523875168755,-46.46806833425397,64.86081765518325,0.0,0.0,0.0,0.0,0,circle,0,,,80.677622004,Sol,WD 1856+534,0.3738,HIP 96895,197,6,G 229-20 B,0.1363,0.3724,HD 158259,21.6186,0.4617,,,,,,,,,,,,,,,,True,Crystomorphs,,Crystomorphs,False
WD 1856+534,G 229-20 B,,,3.0,1.0,<a refstr=VANDERBURG_ET_AL__2020 href=https://ui.adsabs.harvard.edu/abs/2020Natur.585..363V/abstract target=ref>Vanderburg et al. 2020</a>,,3513.0,0.34,0.322,,,,,,,,,<a refstr=STASSUN_ET_AL__2019 href=https://ui.adsabs.harvard.edu/abs/2019AJ....158..138S/abstract target=ref>TICv8</a>,284.4097103,53.5200658,20.62964,83.50865,24.7774,13.2283,12.1099,0,0,0,0,0,0,0,0,0,0,0,0,80.812976744,11.956601877486564,-46.53514699546032,64.97889638860042,0.0,0.0,0.0,0.0,0,circle,0,,,80.812976744,Sol,G 229-20 B,0.3738,HIP 96895,198,6,HD 158259,21.5812,0.4617,,,,,,,,,,,,,,,,,,,True,Crystomorphs,,Crystomorphs,False
HD 114783,HD 114783,HD 114783,HIP 64457,1.0,2.0,<a refstr=TURNBULL_2015 href=https://ui.adsabs.harvard.edu/abs/2015arXiv151001731T/abstract target=ref>Turnbull 2015</a>,K1V,5135.0,0.81,0.85,0.12,[Fe/H],-0.377,4.57,6.76,,,,<a refstr=STASSUN_ET_AL__2019 href=https://ui.adsabs.harvard.edu/abs/2019AJ....158..138S/abstract target=ref>TICv8</a>,198.1818436,-2.2649921,60.16222,313.66815,21.0628,7.56,7.31783,0,2,0,0,1,0,0,0,0,0,1,1,68.697585968,-65.21659112380614,-21.41922611648662,-2.715016131049586,0.0,1.0,1.0,0.6666666666666666,0,circle,0,,,68.69758596800001,Sol,HD 114783,0.4823,70 Vir,199,6,,,,,,,,,,,,,,,,,,,,,,True,Methan,,Methan,False
HIP 70950,HD 127506,HD 127506,HIP 70950,1.0,1.0,<a refstr=TURNBULL_2015 href=https://ui.adsabs.harvard.edu/abs/2015arXiv151001731T/abstract target=ref>Turnbull 2015</a>,K3V,4626.0,0.73,0.68,,,-0.658,4.7,,,,,<a refstr=STASSUN_ET_AL__2019 href=https://ui.adsabs.harvard.edu/abs/2019AJ....158..138S/abstract target=ref>TICv8</a>,217.6848544,35.4546059,67.2894,60.57666,22.5279,8.7,8.33201,0,1,0,0,1,0,0,0,0,0,1,1,73.476097524,-47.36583968073878,-36.588485144018,42.62038119915029,0.0,1.0,1.0,0.6666666666666666,0,circle,0,,,73.476097524,Sol,HD 127506,0.4486,GJ 508.2,200,6,TOI-2018,24.7283,0.3251,,,,,,,,,,,,,,,,,,,True,Human,Mardat Coalition,Mardat Coalition,False
HIP 54373,HIP 54373,,HIP 54373,1.0,2.0,<a refstr=FENG_ET_AL__2019 href=https://ui.adsabs.harvard.edu/abs/2019ApJS..242...25F/abstract target=ref>Feng et al. 2019</a>,K5 V,4021.0,,0.57,,,,,,,,,<a refstr=STASSUN_ET_AL__2019 href=https://ui.adsabs.harvard.edu/abs/2019AJ....158..138S/abstract target=ref>TICv8</a>,166.8643532,-19.2916857,37.18456,271.64987,18.7168,10.38,9.64076,0,0,0,0,0,0,0,0,0,0,0,0,61.045966208,-56.11057544049704,13.09414511878659,-20.168209578758503,0.0,0.0,0.0,0.0,0,circle,0,,,61.045966208,Sol,HIP 54373,0.4525,HD 99492,201,6,HD 104067,14.5643,0.4003,GJ 3634,14.3976,0.3373,LTT 3780,19.3136,0.3397,HD 90156,19.5569,0.3382,,,,,,,,,,True,Aboreals,,Aboreals,False
GJ 1252,GJ 1252,,,1.0,1.0,<a refstr=SHPORER_ET_AL__2020 href=https://ui.adsabs.harvard.edu/abs/2020ApJ...890L...7S/abstract target=ref>Shporer et al. 2020</a>,M3,3458.0,0.391,0.381,0.1,[Fe/H],-1.70774,,,,,64.0,<a refstr=STASSUN_ET_AL__2019 href=https://ui.adsabs.harvard.edu/abs/2019AJ....158..138S/abstract target=ref>TICv8</a>,306.9286462,-56.4622865,-35.49343,341.21724,20.373,12.68,11.2364,0,0,0,0,0,0,0,0,0,0,0,0,66.44776188,22.05696717891044,-29.34655243973064,-55.38569416042187,0.0,0.0,0.0,0.0,0,circle,0,,,66.44776188,Sol,GJ 1252,0.4187,HD 189567,202,6,,,,,,,,,,,,,,,,,,,,,,True,Crystomorphs,,Crystomorphs,False
TOI-2194,TOI-2194,,,1.0,1.0,<a refstr=MISTRY_ET_AL_2023 href=https://ui.adsabs.harvard.edu/abs/2023AJ....166....9M/abstract target=ref>Mistry et al. 2023</a>,,4756.0,0.6909,0.74,-0.372,[M/H],,4.698,,,,,<a refstr=STASSUN_ET_AL__2019 href=https://ui.adsabs.harvard.edu/abs/2019AJ....158..138S/abstract target=ref>TICv8</a>,299.1563393,-31.3351812,-26.77237,9.60421,19.5711,8.42,8.06594,0,0,0,0,0,0,0,0,0,0,0,0,63.832316916,26.562670019791423,-47.61346311546751,-33.195592695964166,0.0,0.0,0.0,0.0,0,circle,0,,,63.83231691600001,Sol,TOI-2194,0.4187,HD 177565,203,6,GJ 9714,16.0383,0.333,,,,,,,,,,,,,,,,,,,True,Human,Industrial Hegemony,Industrial Hegemony,False
HD 97658,HD 97658,HD 97658,HIP 54906,1.0,1.0,<a refstr=VAN_GROOTEL_ET_AL__2014 href=https://ui.adsabs.harvard.edu/abs/2014ApJ...786....2V/abstract target=ref> Van Grootel et al. 2014</a>,K1,5170.0,0.741,0.77,-0.23,[Fe/H],-0.45,4.583,6.0,2.66,0.5,,<a refstr=STASSUN_ET_AL__2019 href=https://ui.adsabs.harvard.edu/abs/2019AJ....158..138S/abstract target=ref>TICv8</a>,168.6376584,25.7105962,68.29493,211.16108,21.5618,7.76,7.5136,0,0,0,0,0,0,0,0,0,0,0,0,70.325104408,-62.12084110532853,12.483274624071806,30.508839129383983,0.0,0.0,0.0,0.0,0,circle,0,,,70.325104408,Sol,HD 97658,0.4187,HD 87883,204,6,HIP 57274,18.0421,0.457,GJ 9404,20.36,0.3276,,,,,,,,,,,,,,,,True,Human,Mardat Coalition,Mardat Coalition,False
BD-06 1339,BD-06 1339,,HIP 27803,1.0,2.0,<a refstr=LO_CURTO_ET_AL__2013 href=https://ui.adsabs.harvard.edu/abs/2013A%26A...551A..59L/abstract target=ref> Lo Curto et al. 2013 </a>,K7/M0 V,4324.0,,0.7,-0.14,[Fe/H],-1.022,4.74,4.4,,0.57,,<a refstr=STASSUN_ET_AL__2019 href=https://ui.adsabs.harvard.edu/abs/2019AJ....158..138S/abstract target=ref>TICv8</a>,88.2511811,-5.9963378,-15.71602,211.65797,20.2695,9.7,9.10677,0,1,0,0,1,0,0,0,0,1,1,1,66.11019042,2.006505911858933,65.71784912602526,-6.906194150421405,1.0,1.0,1.0,1.0,0,circle,0,,,66.11019041999998,Sol,BD-06 1339,0.5125,7 CMa,205,7,HD 42618,21.7127,0.3266,GJ 3305,23.3353,0.2807,AF Lep,24.3932,0.2252,,,,,,,,,,,,,True,Human,Turquenish Empire,Turquenish Empire,False
HIP 55507,HIP 55507,,HIP 55507,1.0,1.0,<a refstr=TURNBULL_2015 href=https://ui.adsabs.harvard.edu/abs/2015arXiv151001731T/abstract target=ref>Turnbull 2015</a>,M0,4211.0,0.7,0.6,,,-0.854,,,,,,<a refstr=STASSUN_ET_AL__2019 href=https://ui.adsabs.harvard.edu/abs/2019AJ....158..138S/abstract target=ref>TICv8</a>,170.5227246,46.907803,63.55725,158.59822,25.4893,9.8,9.26803,0,1,0,0,1,0,0,0,0,0,0,0,83.13488130799999,-56.02041244452713,9.351762525625878,60.70968964922004,0.0,0.0,0.0,0.0,0,circle,0,,,83.13488130799999,Sol,HIP 55507,0.4187,G 196-3,206,7,HIP 57274,24.1102,0.4526,,,,,,,,,,,,,,,,,,,True,Methan,,Methan,False
HD 1461,HD 1461,HD 1461,HIP 1499,1.0,2.0,<a refstr=TURNBULL_2015 href=https://ui.adsabs.harvard.edu/abs/2015arXiv151001731T/abstract target=ref>Turnbull 2015</a>,G5V,5765.0,1.11,1.03,0.18,[Fe/H],0.107,4.37,7.12,,,,<a refstr=STASSUN_ET_AL__2019 href=https://ui.adsabs.harvard.edu/abs/2019AJ....158..138S/abstract target=ref>TICv8</a>,4.6762645,-8.0536206,-69.41004,99.3068,23.4534,6.47933,6.29454,0,0,0,0,0,0,0,0,0,0,0,0,76.494671304,75.48811347118396,6.174770454369231,-10.716887248847112,0.0,0.0,0.0,0.0,0,circle,0,,,76.494671304,Sol,HD 1461,0.4525,GJ 900 A,207,7,HIP 4845,15.9189,0.3332,,,,,,,,,,,,,,,,,,,True,Human,Turquenish Empire,Turquenish Empire,False
HIP 4845,HIP 4845,,HIP 4845,1.0,1.0,<a refstr=STASSUN_ET_AL__2019 href=https://ui.adsabs.harvard.edu/abs/2019AJ....158..138S/abstract target=ref>TICv8</a>,,4010.0,0.647353,0.63,,,-1.01045,4.61513,,3.27404,,,<a refstr=STASSUN_ET_AL__2019 href=https://ui.adsabs.harvard.edu/abs/2019AJ....158..138S/abstract target=ref>TICv8</a>,15.5881733,-10.4246208,-73.09965,132.20025,21.0974,10.06,9.37826,0,0,0,0,0,0,0,0,0,0,0,0,68.81043594399999,65.18543292404283,18.18559657742187,-12.450682970492071,0.0,0.0,0.0,0.0,0,circle,0,,,68.81043594399999,Sol,HIP 4845,0.4187,TOI-260,208,7,TOI-4527,20.5995,0.3274,,,,,,,,,,,,,,,,,,,True,Human,Turquenish Empire,Turquenish Empire,False
TOI-4527,TOI-4527,,HIP 6069,1.0,1.0,<a refstr=HORD_ET_AL__2024 href=https://ui.adsabs.harvard.edu/abs/2024AJ....167..233H/abstract target=ref>Hord et al. 2024</a>,,3702.0,0.485948,0.483901,,,,4.75,,,,,<a refstr=STASSUN_ET_AL__2019 href=https://ui.adsabs.harvard.edu/abs/2019AJ....158..138S/abstract target=ref>TICv8</a>,19.4722574,5.4711996,-56.779,135.00951,18.1037,10.917,10.1927,0,0,0,0,0,0,0,0,0,0,0,0,59.046303772,55.415418749408936,19.593437280205528,5.629793025468161,0.0,0.0,0.0,0.0,0,circle,0,,,59.046303772,Sol,TOI-4527,0.4187,TOI-260,209,7,alf Ari,24.3217,0.3352,,,,,,,,,,,,,,,,,,,True,Echryon & Echtol,,Echryon & Echtol,False
TOI-198,TOI-198,,HIP 738,1.0,1.0,<a refstr=ODDO_ET_AL__2023 href=https://ui.adsabs.harvard.edu/abs/2023AJ....165..134O/abstract target=ref>Oddo et al. 2023</a>,M0 V,3650.0,0.441,0.467,-0.7,[Fe/H],,4.75,5.3,,,45.4,<a refstr=STASSUN_ET_AL__2019 href=https://ui.adsabs.harvard.edu/abs/2019AJ....158..138S/abstract target=ref>TICv8</a>,2.2715087,-27.1217452,-80.57935,30.55222,23.7262,11.688,10.9187,0,0,0,0,0,0,0,0,0,0,0,0,77.384424872,68.82110164454618,2.729863991752996,-35.278223081495845,0.0,0.0,0.0,0.0,0,circle,0,,,77.384424872,Sol,TOI-198,0.4187,TOI-260,210,7,,,,,,,,,,,,,,,,,,,,,,True,Human,Turquenish Empire,Turquenish Empire,False
HIP 12961,HIP 12961,,HIP 12961,1.0,1.0,<a refstr=STASSUN_ET_AL__2017 href=https://ui.adsabs.harvard.edu/abs/2017AJ....153..136S/abstract target=ref>Stassun et al. 2017</a>,,3901.0,0.65,0.69,-0.14,[Fe/H],,4.65,,,,,<a refstr=STASSUN_ET_AL__2019 href=https://ui.adsabs.harvard.edu/abs/2019AJ....158..138S/abstract target=ref>TICv8</a>,41.6800749,-23.0860048,-63.65019,210.53871,23.371,10.25,9.59893,0,1,0,0,1,0,0,0,0,1,1,1,76.22591875999998,52.37163908722095,46.6287681252705,-29.88913001818129,1.0,1.0,1.0,1.0,0,circle,0,,,76.22591875999998,Sol,HIP 12961,0.4788,LTT 1445 B,211,7,BD-210397,10.7614,0.4093,GJ 3138,23.2793,0.3933,TOI-2427,24.8918,0.325,HD 16417,17.4739,0.3081,,,,,,,,,,True,Methan,,Methan,False
BD-210397,BD-210397,,HIP 10337,1.0,2.0,<a refstr=FRENSCH_ET_AL_2023 href=https://ui.adsabs.harvard.edu/abs/2023A&A...675A.173F/abstract target=ref>Frensch et al. 2023</a>,K7 V,4051.0,0.747,0.679,0.12,[Fe/H],-0.86967,4.67,6.2,,1.0,,<a refstr=STASSUN_ET_AL__2019 href=https://ui.adsabs.harvard.edu/abs/2019AJ....158..138S/abstract target=ref>TICv8</a>,33.3024198,-21.1962147,-70.45622,199.69949,23.7324,9.84,9.25962,0,2,0,0,1,0,0,0,0,0,0,0,77.40464654399999,60.31690852145765,39.62444999597462,-27.98665423969405,0.0,0.0,0.0,0.0,0,circle,0,,,77.40464654399999,Sol,BD-210397,0.4525,LTT 1445 B,212,7,GJ 3138,17.1021,0.3986,HD 16417,20.7462,0.3048,,,,,,,,,,,,,,,,True,Methan,,Methan,False
HD 19994,HD 19994,HD 19994,HIP 14954,3.0,1.0,<a refstr=TURNBULL_2015 href=https://ui.adsabs.harvard.edu/abs/2015arXiv151001731T/abstract target=ref>Turnbull 2015</a>,G0V,6188.0,1.75,1.37,0.19,[Fe/H],0.626,4.17,2.56,,,,<a refstr=STASSUN_ET_AL__2019 href=https://ui.adsabs.harvard.edu/abs/2019AJ....158..138S/abstract target=ref>TICv8</a>,48.1943193,-1.1963955,-47.34122,181.50523,22.5242,5.06345,4.93038,0,1,0,0,1,0,0,0,0,0,1,1,73.464029752,48.9609149757873,54.74887799387241,-1.533893916977945,0.0,1.0,1.0,0.6666666666666666,0,circle,0,,,73.464029752,Sol,HD 19994,0.4036,LTT 1445 B,213,7,TOI-2443,11.9523,0.3526,,,,,,,,,,,,,,,,,,,True,Methan,,Methan,False
TOI-912,TOI-912,,,1.0,1.0,<a refstr=LACEDELLI_ET_AL_2026 href=https://ui.adsabs.harvard.edu/abs/2026A&A...705A.260L/abstract target=ref>Lacedelli et al. 2026</a>,M3,3572.0,0.419,0.418,-0.19,[Fe/H],-1.59007,4.98,0.8,7.754045,,45.9,<a refstr=STASSUN_ET_AL__2019 href=https://ui.adsabs.harvard.edu/abs/2019AJ....158..138S/abstract target=ref>TICv8</a>,229.3285665,-80.4733446,-19.34411,308.91652,26.1072,12.67,11.6502,0,0,0,0,0,0,0,0,0,0,0,0,85.15019923199999,-9.18463317422238,-10.68889628792043,-83.97586819348965,0.0,0.0,0.0,0.0,0,circle,0,,,85.15019923199999,Sol,TOI-912,0.4187,HD 199509,214,7,HD 155918,13.2814,0.2759,HD 134606,15.1316,0.4999,,,,,,,,,,,,,,,,True,Crystomorphs,,Crystomorphs,False
HIP 84988,HD 155918,HD 155918,HIP 84988,1.0,2.0,<a refstr=TURNBULL_2015 href=https://ui.adsabs.harvard.edu/abs/2015arXiv151001731T/abstract target=ref>Turnbull 2015</a>,G2V,5752.0,1.07,1.63,-0.64,[Fe/H],0.049,4.61,12.3,,,,<a refstr=STASSUN_ET_AL__2019 href=https://ui.adsabs.harvard.edu/abs/2019AJ....158..138S/abstract target=ref>TICv8</a>,260.5364025,-75.349239,-20.83375,317.42953,27.561,7.0,6.8406,0,1,0,0,1,0,0,0,0,0,0,0,89.89185515999999,-3.73828130538545,-22.426609590721096,-86.96906380577866,0.0,0.0,0.0,0.0,2,square,0,,,89.89185515999999,Sol,HD 155918,0.3525,HD 199509,215,7,HD 134606,16.1264,0.4976,HD 181433,20.438,0.395,,,,,,,,,,,,,,,,True,Methan,,Methan,False
HD 181433,HD 181433,HD 181433,HIP 95467,1.0,3.0,<a refstr=HORNER_ET_AL__2019 href=https://ui.adsabs.harvard.edu/abs/2019AJ....158..100H/abstract target=ref>Horner et al. 2019</a>,,4962.0,,0.78,0.33,[Fe/H],-0.51145,4.37,6.7,,1.5,54.0,<a refstr=STASSUN_ET_AL__2019 href=https://ui.adsabs.harvard.edu/abs/2019AJ....158..138S/abstract target=ref>TICv8</a>,291.2873731,-66.4677838,-28.04356,329.51487,26.8762,8.4,8.09228,0,1,0,0,1,0,0,0,0,0,0,0,87.658338872,12.706198221232777,-32.61094667112472,-80.36829634734201,0.0,0.0,0.0,0.0,0,circle,0,,,87.658338872,Sol,HD 181433,0.4862,HD 207496,216,7,HD 185283,22.5341,0.3261,,,,,,,,,,,,,,,,,,,True,Methan,,Methan,False
HD 21411,HD 21411,HD 21411,HIP 16012,1.0,1.0,<a refstr=SOUSA_ET_AL__2008 href=https://ui.adsabs.harvard.edu/abs/2008A&A...487..373S/abstract target=ref>Sousa et al. 2008</a>,,5473.0,,0.791,-0.26,[Fe/H],-0.21112,4.51,,,,,<a refstr=STASSUN_ET_AL__2019 href=https://ui.adsabs.harvard.edu/abs/2019AJ....158..138S/abstract target=ref>TICv8</a>,51.5474155,-30.6168403,-56.10651,228.21187,29.1328,7.88,7.68183,0,1,0,0,1,0,0,0,0,0,1,1,95.018375168,50.85134492557796,64.03760811873073,-48.39232465235129,0.0,1.0,1.0,0.6666666666666666,0,circle,0,,,95.018375168,Sol,HD 21411,0.4486,GJ 160.2,217,7,TOI-2427,2.5803,0.396,HD 20782,22.7207,0.4985,HD 20781,22.6921,0.4386,HR 858,15.7669,0.3785,TOI-406,21.0784,0.3608,HD 16417,21.0354,0.3046,,,,True,Methan,,Methan,False
TOI-2427,TOI-2427,,,1.0,1.0,<a refstr=GIACALONE_ET_AL__2022 href=https://ui.adsabs.harvard.edu/abs/2022AJ....163...99G/abstract target=ref>Giacalone et al. 2022</a>,,4072.0,0.65,0.64,,,,4.62,,,,,<a refstr=STASSUN_ET_AL__2019 href=https://ui.adsabs.harvard.edu/abs/2019AJ....158..138S/abstract target=ref>TICv8</a>,52.2917315,-31.3628665,-55.51629,229.60791,28.5147,10.295,9.81845,0,0,0,0,0,0,0,0,0,0,0,0,93.002404932,48.57267016546685,62.82695086393194,-48.40369078152561,0.0,0.0,0.0,0.0,0,circle,0,,,93.002404932,Sol,TOI-2427,0.4187,GJ 160.2,218,7,HR 858,17.7383,0.3752,TOI-406,20.5993,0.3611,HD 16417,20.1869,0.3052,,,,,,,,,,,,,True,Human,Turquenish Empire,Turquenish Empire,False
AF Lep,AF Lep,HD 35850,HIP 25486,1.0,1.0,<a refstr=FRANSON_ET_AL_2023 href=https://ui.adsabs.harvard.edu/abs/2023ApJ...950L..19F/abstract target=ref>Franson et al. 2023</a>,F8 V,6130.0,1.25,1.2,0.19,[Fe/H],,,0.024,,50.0,1.007,<a refstr=STASSUN_ET_AL__2019 href=https://ui.adsabs.harvard.edu/abs/2019AJ....158..138S/abstract target=ref>TICv8</a>,81.7699216,-11.9011752,-24.04116,214.37435,26.8564,6.332,6.18644,0,1,0,0,1,0,0,0,0,0,0,0,87.593759984,12.269389498709762,84.82819279305731,-18.0639579529916,0.0,0.0,0.0,0.0,2,square,0,,,87.59375998399999,Sol,AF Lep,0.3187,HD 39855,219,7,HD 30562,17.2587,0.3607,,,,,,,,,,,,,,,,,,,True,Methan,,Methan,False
HD 219077,HD 219077,HD 219077,HIP 114699,1.0,1.0,<a refstr=TURNBULL_2015 href=https://ui.adsabs.harvard.edu/abs/2015arXiv151001731T/abstract target=ref>Turnbull 2015</a>,G8V,5364.0,1.94,1.07,-0.12,[Fe/H],0.481,3.91,8.92,,,,<a refstr=STASSUN_ET_AL__2019 href=https://ui.adsabs.harvard.edu/abs/2019AJ....158..138S/abstract target=ref>TICv8</a>,348.5319387,-62.7018297,-50.99819,320.40161,29.1864,6.12,5.91597,0,1,0,0,1,0,0,0,0,0,0,0,95.193194784,42.7860207381485,-8.68007943297188,-84.59170753458395,0.0,0.0,0.0,0.0,0,circle,0,,,95.193194784,Sol,HD 219077,0.4187,HD 216437,220,7,,,,,,,,,,,,,,,,,,,,,,True,Methan,,Methan,False
HD 221420,HD 221420,HD 221420,HIP 116250,1.0,1.0,<a refstr=VENNER_ET_AL__2021 href=https://ui.adsabs.harvard.edu/abs/2021AJ....162...12V/abstract target=ref>Venner et al. 2021</a>,G2 IV-V,5847.0,1.947,1.351,0.33,[Fe/H],0.60293,4.03,3.65,,,,<a refstr=STASSUN_ET_AL__2019 href=https://ui.adsabs.harvard.edu/abs/2019AJ....158..138S/abstract target=ref>TICv8</a>,353.3319001,-77.3853286,-38.91481,308.31538,31.1415,5.82,5.65862,0,0,0,0,0,0,0,0,0,0,0,0,101.56987074,22.0321098799978,-2.5757429716333142,-99.11806255430992,0.0,0.0,0.0,0.0,0,circle,0,,,101.56987074,Sol,HD 221420,0.4187,HD 216437,221,7,2MASS J21252752-8138278,16.2858,0.3325,,,,,,,,,,,,,,,,,,,True,Crystomorphs,,Crystomorphs,False
HD 158259,HD 158259,HD 158259,HIP 85268,1.0,5.0,<a refstr=STASSUN_ET_AL__2019 href=https://ui.adsabs.harvard.edu/abs/2019AJ....158..138S/abstract target=ref>TICv8</a>,,5801.89,1.26442,1.04,,,0.21275,4.25132,,0.72532,,,<a refstr=STASSUN_ET_AL__2019 href=https://ui.adsabs.harvard.edu/abs/2019AJ....158..138S/abstract target=ref>TICv8</a>,261.3495847,52.7904721,34.09023,80.13841,27.0498,6.47915,6.30694,0,0,0,0,0,0,0,0,0,0,0,0,88.22454568799999,-8.024449026029204,-52.74525566119309,70.26461901211758,0.0,0.0,0.0,0.0,0,circle,0,,,88.22454568799999,Sol,HD 158259,0.5537,HD 168009,222,7,,,,,,,,,,,,,,,,,,,,,,True,Crystomorphs,,Crystomorphs,False
HD 150706,HD 150706,HD 150706,HIP 80902,1.0,1.0,<a refstr=BOISSE_ET_AL__2012 href=https://ui.adsabs.harvard.edu/abs/2012A%26A...545A..55B/abstract target=ref> Boisse et al. 2012 </a>,G0 V,5961.0,0.96,1.17,-0.01,[Fe/H],,4.5,3.0,,3.7,,<a refstr=STASSUN_ET_AL__2019 href=https://ui.adsabs.harvard.edu/abs/2019AJ....158..138S/abstract target=ref>TICv8</a>,247.8255687,79.7894032,32.63799,113.00653,28.2697,7.03,6.85038,0,1,0,0,1,0,0,0,0,0,0,0,92.203322732,-6.168896877734997,-15.13572451870748,90.74308390961272,0.0,0.0,0.0,0.0,0,circle,0,,,92.20332273199998,Sol,HD 150706,0.4187,psi1 Dra B,223,7,HD 207897,16.919,0.3314,,,,,,,,,,,,,,,,,,,True,Methan,,Methan,False
GJ 9689,GJ 9689,,HIP 99699,1.0,1.0,<a refstr=MALDONADO_ET_AL__2021 href=https://ui.adsabs.harvard.edu/abs/2021A&A...651A..93M/abstract target=ref>Maldonado et al. 2021</a>,M0.5,3836.0,0.57,0.59,0.05,[Fe/H],-1.2,4.69,8.9,,1.47,39.97,<a refstr=STASSUN_ET_AL__2019 href=https://ui.adsabs.harvard.edu/abs/2019AJ....158..138S/abstract target=ref>TICv8</a>,303.467731,13.3888921,-11.48747,54.62427,30.6203,11.297,10.5372,0,0,0,0,0,0,0,0,0,0,0,0,99.869945668,53.57810941669105,-81.04683150986132,23.12581547263804,0.0,0.0,0.0,0.0,0,circle,0,,,99.869945668,Sol,GJ 9689,0.4187,TOI-5799,224,7,HD 196885 A,16.9104,0.3387,,,,,,,,,,,,,,,,,,,True,Human,Other Human,Other Human,False
GJ 3998,GJ 3998,,HIP 84460,1.0,3.0,<a refstr=AFFER_ET_AL__2016 href=https://ui.adsabs.harvard.edu/abs/2016A&A...593A.117A/abstract target=ref>Affer et al. 2016</a>,M1,3722.0,0.49,0.5,-0.16,[Fe/H],-1.38722,4.77,,,0.93,,<a refstr=STASSUN_ET_AL__2019 href=https://ui.adsabs.harvard.edu/abs/2019AJ....158..138S/abstract target=ref>TICv8</a>,259.0020507,11.0561751,26.15047,32.27249,18.1459,10.844,9.98337,0,0,0,0,0,0,0,0,0,0,0,0,59.183941604,-11.081188645396647,-57.01866907166218,11.349783226436031,0.0,0.0,0.0,0.0,0,circle,0,,,59.183941604,Sol,GJ 3998,0.4862,HD 164922,225,7,HD 149806,17.2329,0.3309,,,,,,,,,,,,,,,,,,,True,Human,Industrial Hegemony,Industrial Hegemony,False
HIP 86221,HIP 86221,,HIP 86221,1.0,1.0,<a refstr=PAREDES_ET_AL__2021 href=https://ui.adsabs.harvard.edu/abs/2021AJ....162..176P/abstract target=ref>Paredes et al. 2021</a>,K5 V,,,0.79,,,,,,,,,<a refstr=STASSUN_ET_AL__2019 href=https://ui.adsabs.harvard.edu/abs/2019AJ....158..138S/abstract target=ref>TICv8</a>,264.294875,27.896391,27.63035,51.90862,29.4898,9.25,,0,1,0,0,1,0,0,0,0,0,0,0,96.182752088,-8.450325262345046,-84.58478428080089,45.00142298141935,0.0,0.0,0.0,0.0,0,circle,0,,,96.182752088,Sol,HIP 86221,0.4187,HD 156668,226,7,TOI-6086,7.8245,0.3645,,,,,,,,,,,,,,,,,,,True,Methan,,Methan,False
TOI-6086,TOI-6086,,,1.0,1.0,<a refstr=BARKAOUI_ET_AL_2024 href=https://ui.adsabs.harvard.edu/abs/2024A&A...687A.264B/abstract target=ref>Barkaoui et al. 2024</a>,M3.0,3200.0,0.259,0.254,0.11,[Fe/H],-2.19791,5.01,2.0,20.611661,,,<a refstr=STASSUN_ET_AL__2019 href=https://ui.adsabs.harvard.edu/abs/2019AJ....158..138S/abstract target=ref>TICv8</a>,265.3704236,30.3037755,27.45161,54.81625,31.4566,14.981,13.6971,0,0,0,0,0,0,0,0,0,0,0,0,102.597588296,-7.149508386415127,-88.28988788266032,51.76915444215181,0.0,0.0,0.0,0.0,0,circle,0,,,102.597588296,Sol,TOI-6086,0.4187,HD 156668,227,7,TOI-2128,21.9694,0.3265,,,,,,,,,,,,,,,,,,,True,Human,Industrial Hegemony,Industrial Hegemony,False
TOI-2136,TOI-2136,,,1.0,1.0,<a refstr=GAN_ET_AL_2022 href=https://ui.adsabs.harvard.edu/abs/2022MNRAS.514.4120G/abstract target=ref>Gan et al. 2022</a>,M4.5 V,3342.0,0.34,0.34,0.03,[Fe/H],-1.88606,4.91,4.6,12.2,,75.0,<a refstr=STASSUN_ET_AL__2019 href=https://ui.adsabs.harvard.edu/abs/2019AJ....158..138S/abstract target=ref>TICv8</a>,281.1763433,36.5631318,17.01545,65.83323,33.3631,14.32,12.9643,0,0,0,0,0,0,0,0,0,0,0,0,108.815752436,16.940859521760235,-85.7433821948632,64.82243181694469,0.0,0.0,0.0,0.0,0,circle,0,,,108.815752436,Sol,TOI-2136,0.4187,TOI-4438,228,7,Kepler-444,19.3771,0.3684,,,,,,,,,,,,,,,,,,,True,Human,Other Human,Other Human,False
TOI-2018,TOI-2018,,HIP 74981,1.0,1.0,<a refstr=DAI_ET_AL_2023 href=https://ui.adsabs.harvard.edu/abs/2023AJ....166...49D/abstract target=ref>Dai et al. 2023</a>,K V,4174.0,0.62,0.57,-0.58,[Fe/H],-1.0,4.62,,3.228502,2.0,23.5,<a refstr=STASSUN_ET_AL__2019 href=https://ui.adsabs.harvard.edu/abs/2019AJ....158..138S/abstract target=ref>TICv8</a>,229.8374423,29.2078771,57.46841,45.42617,27.9956,10.25,9.71999,0,0,0,0,0,0,0,0,0,0,0,0,91.309329136,-51.4030594865603,-60.90799842859183,44.55709584465952,0.0,0.0,0.0,0.0,0,circle,0,,,91.309329136,Sol,TOI-2018,0.4187,HD 127506,229,7,kap CrB,16.7789,0.3916,,,,,,,,,,,,,,,,,,,True,Human,Mardat Coalition,Mardat Coalition,False
HD 104067,HD 104067,HD 104067,HIP 58451,1.0,2.0,<a refstr=SEGRANSAN_ET_AL__2011 href=https://ui.adsabs.harvard.edu/abs/2011A%26A...535A..54S/abstract target=ref> S&eacute;gransan et al. 2011 </a>,K2 V,4969.0,,0.791,-0.06,[Fe/H],,4.47,4.33,,1.61,34.7,<a refstr=STASSUN_ET_AL__2019 href=https://ui.adsabs.harvard.edu/abs/2019AJ....158..138S/abstract target=ref>TICv8</a>,179.7923543,-20.3556058,40.85838,286.65584,20.3632,7.92,7.62029,0,1,0,0,1,0,0,0,0,0,1,1,66.41579859199999,-62.26784196466168,0.225665945186474,-23.102450834450632,0.0,1.0,1.0,0.6666666666666666,0,circle,0,,,66.41579859199999,Sol,HD 104067,0.4823,HIP 54373,230,7,GJ 3634,20.0557,0.3278,HD 103949,20.5653,0.3274,,,,,,,,,,,,,,,,True,Aboreals,,Aboreals,False
GJ 3634,GJ 3634,,,1.0,1.0,<a refstr=STASSUN_ET_AL__2019 href=https://ui.adsabs.harvard.edu/abs/2019AJ....158..138S/abstract target=ref>TICv8</a>,,3517.0,0.455796,0.452727,,,-1.54308,4.77636,,6.740478,,,<a refstr=STASSUN_ET_AL__2019 href=https://ui.adsabs.harvard.edu/abs/2019AJ....158..138S/abstract target=ref>TICv8</a>,164.6433493,-31.1443383,25.8085,276.22112,20.3779,11.938,10.9233,0,0,0,0,0,0,0,0,0,0,0,0,66.463743524,-54.85314354353824,15.064432336501287,-34.374768726422204,0.0,0.0,0.0,0.0,0,circle,0,,,66.46374352399998,Sol,GJ 3634,0.4187,HIP 54373,231,7,HD 90156,10.5022,0.3953,HD 96700,16.6676,0.3993,,,,,,,,,,,,,,,,True,Aboreals,,Aboreals,False
LTT 3780,LTT 3780,,,2.0,2.0,<a refstr=CLOUTIER_ET_AL__2020 href=https://ui.adsabs.harvard.edu/abs/2020AJ....160....3C/abstract target=ref>Cloutier et al. 2020</a>,M4 V,3331.0,0.374,0.401,0.28,[Fe/H],,4.896,,,1.3,104.0,<a refstr=STASSUN_ET_AL__2019 href=https://ui.adsabs.harvard.edu/abs/2019AJ....158..138S/abstract target=ref>TICv8</a>,154.6449033,-11.717801,36.30503,254.20063,21.9814,13.14,11.8465,0,0,0,0,0,0,0,0,0,0,0,0,71.69365498399999,-63.43730271685335,30.061342682497305,-14.560373109937922,0.0,0.0,0.0,0.0,0,circle,0,,,71.69365498399999,Sol,LTT 3780,0.43,HIP 54373,232,7,HD 82943,23.6474,0.4492,HD 90156,22.378,0.3362,,,,,,,,,,,,,,,,True,Aboreals,,Aboreals,False
HD 90156,HD 90156,HD 90156,HIP 50921,1.0,1.0,<a refstr=TURNBULL_2015 href=https://ui.adsabs.harvard.edu/abs/2015arXiv151001731T/abstract target=ref>Turnbull 2015</a>,G5V,5626.0,0.9,0.94,-0.21,[Fe/H],-0.102,4.52,2.6,,,,<a refstr=STASSUN_ET_AL__2019 href=https://ui.adsabs.harvard.edu/abs/2019AJ....158..138S/abstract target=ref>TICv8</a>,155.9801144,-29.645103,23.15232,268.37226,21.9496,6.92,6.73951,0,1,0,0,1,0,0,0,0,0,0,1,71.589937376,-56.83131014649287,25.32656749074021,-35.41025698395478,0.0,0.0,1.0,0.3333333333333333,0,circle,0,,,71.589937376,Sol,HD 90156,0.4287,HIP 54373,233,7,HD 96700,17.0765,0.3986,HD 93083,22.9845,0.3697,,,,,,,,,,,,,,,,True,Aboreals,,Aboreals,False
HIP 103768,GJ 9714,HD 199981,HIP 103768,1.0,1.0,<a refstr=TURNBULL_2015 href=https://ui.adsabs.harvard.edu/abs/2015arXiv151001731T/abstract target=ref>Turnbull 2015</a>,K5V,4237.0,0.67,0.59,,,-0.886,,,,,,<a refstr=STASSUN_ET_AL__2019 href=https://ui.adsabs.harvard.edu/abs/2019AJ....158..138S/abstract target=ref>TICv8</a>,315.4141767,-32.5250028,-40.46332,12.01411,20.5121,9.37,8.8377,0,1,0,0,1,0,0,0,0,0,0,0,66.901444876,40.174059325364375,-39.59740156438065,-35.970739124568404,0.0,0.0,0.0,0.0,0,circle,0,,,66.901444876,Sol,GJ 9714,0.4187,TOI-2194,234,7,HIP 107772,19.1958,0.3286,,,,,,,,,,,,,,,,,,,False,,,,False
HIP 57274,HIP 57274,,HIP 57274,1.0,3.0,<a refstr=FISCHER_ET_AL__2012 href=https://ui.adsabs.harvard.edu/abs/2012ApJ...745...21F/abstract target=ref> Fischer et al. 2012 </a>,K4 V,4640.0,0.68,0.73,0.09,[Fe/H],0.19,4.71,7.87,,0.5,,<a refstr=STASSUN_ET_AL__2019 href=https://ui.adsabs.harvard.edu/abs/2019AJ....158..138S/abstract target=ref>TICv8</a>,176.1705487,30.9576484,74.93234,194.2528,25.8618,8.97,8.57069,0,2,0,0,1,0,0,0,0,0,2,2,84.34981240799999,-72.17249124353798,4.830954777062047,43.38990939041248,0.0,2.0,2.0,1.3333333333333333,0,circle,0,,,84.34981240799999,Sol,HIP 57274,0.5459,HD 97658,235,7,GJ 9404,12.9752,0.3439,TOI-1801,20.2258,0.3052,,,,,,,,,,,,,,,,True,Methan,,Methan,False
GJ 9404,GJ 9404,,HIP 60093,1.0,1.0,<a refstr=TURNBULL_2015 href=https://ui.adsabs.harvard.edu/abs/2015arXiv151001731T/abstract target=ref>Turnbull 2015</a>,M2V,3811.0,0.73,0.55,,,-1.0,,,,,,<a refstr=STASSUN_ET_AL__2019 href=https://ui.adsabs.harvard.edu/abs/2019AJ....158..138S/abstract target=ref>TICv8</a>,184.8472095,28.3827126,82.80097,201.04684,23.8839,10.62,9.87021,0,0,0,0,0,0,0,0,0,0,0,0,77.898772884,-68.28961086545252,-5.791107533293059,37.029865490113785,0.0,0.0,0.0,0.0,0,circle,0,,,77.898772884,Sol,GJ 9404,0.4187,HD 97658,236,7,,,,,,,,,,,,,,,,,,,,,,True,Human,Mardat Coalition,Mardat Coalition,False
HD 42618,HD 42618,HD 42618,HIP 29432,1.0,1.0,<a refstr=TURNBULL_2015 href=https://ui.adsabs.harvard.edu/abs/2015arXiv151001731T/abstract target=ref>Turnbull 2015</a>,G4V,5747.0,0.95,0.97,-0.11,[Fe/H],-0.046,4.49,3.72,,,,<a refstr=STASSUN_ET_AL__2019 href=https://ui.adsabs.harvard.edu/abs/2019AJ....158..138S/abstract target=ref>TICv8</a>,93.0032173,6.7819742,-5.59129,202.35935,24.3358,6.87,6.68303,0,0,0,0,0,0,0,0,0,0,0,0,79.372671848,-4.12939733894946,78.70903015142765,9.373243116927084,0.0,0.0,0.0,0.0,0,circle,0,,,79.372671848,Sol,HD 42618,0.4187,BD-06 1339,237,8,HD 46375,18.9277,0.3063,HD 46375 B,19.3069,0.306,,,,,,,,,,,,,,,,True,Human,Turquenish Empire,Turquenish Empire,False
51 Eri,GJ 3305,,,3.0,1.0,<a refstr=STASSUN_ET_AL__2019 href=https://ui.adsabs.harvard.edu/abs/2019AJ....158..138S/abstract target=ref>TICv8</a>,,,0.492,0.528,,,-1.38904,4.77713,,6.250352,,,<a refstr=STASSUN_ET_AL__2019 href=https://ui.adsabs.harvard.edu/abs/2019AJ....158..138S/abstract target=ref>TICv8</a>,69.4062922,-2.4915684,-30.66181,198.63403,21.82353,10.558,,0,0,0,0,0,0,0,0,0,0,0,0,71.1787525068,25.01266384732876,66.56730960519855,-3.094308906761334,0.0,0.0,0.0,0.0,0,circle,0,,,71.17875250680001,Sol,GJ 3305,0.3738,BD-06 1339,238,8,HD 30562,15.2523,0.3646,alf Tau,23.1892,0.3033,alf Tau B,23.2268,0.3033,,,,,,,,,,,,,True,Human,Turquenish Empire,Turquenish Empire,False
alf Ari,alf Ari,HD 12929,HIP 9884,1.0,1.0,<a refstr=LEE_ET_AL__2011 href=https://ui.adsabs.harvard.edu/abs/2011A%26A...529A.134L/abstract target=ref> Lee et al. 2011 </a>,,4553.0,13.9,1.5,-0.09,[Fe/H],,2.33,,,3.1,,<a refstr=STASSUN_ET_AL__2019 href=https://ui.adsabs.harvard.edu/abs/2019AJ....158..138S/abstract target=ref>TICv8</a>,31.793286,23.462421,-36.20556,144.57834,20.21019,2.00538,,0,1,0,0,1,0,0,0,0,0,0,1,65.9167472964,51.39406182403974,31.857331361949704,26.24458842998256,0.0,0.0,1.0,0.3333333333333333,0,circle,0,,,65.9167472964,Sol,alf Ari,0.4287,TOI-4527,239,8,HD 18143,15.8361,0.3671,KOBE-1,19.0449,0.3625,TOI-1468,23.8147,0.3593,,,,,,,,,,,,,True,Echryon & Echtol,,Echryon & Echtol,False
GJ 3138,GJ 3138,,HIP 10037,1.0,3.0,<a refstr=ASTUDILLO_DEFRU_ET_AL__2017 href=https://ui.adsabs.harvard.edu/abs/2017A&A...602A..88A/abstract target=ref>Astudillo-Defru et al. 2017</a>,M0,3717.0,0.5,0.681,-0.3,[Fe/H],-1.34679,,,,,42.5,<a refstr=STASSUN_ET_AL__2019 href=https://ui.adsabs.harvard.edu/abs/2019AJ....158..138S/abstract target=ref>TICv8</a>,32.2977385,-16.3392495,-69.01004,185.99827,28.4712,10.8275,10.1924,0,0,0,0,0,0,0,0,0,0,0,0,92.860527072,75.32328852786034,47.61324523816289,-26.123908040890534,0.0,0.0,0.0,0.0,0,circle,0,,,92.860527072,Sol,GJ 3138,0.4862,HIP 12961,240,8,HD 11964,20.3543,0.3786,HD 11964 B,20.3109,0.3388,,,,,,,,,,,,,,,,True,Human,Turquenish Empire,Turquenish Empire,False
HD 16417,HD 16417,HD 16417,HIP 12186,2.0,1.0,<a refstr=TURNBULL_2015 href=https://ui.adsabs.harvard.edu/abs/2015arXiv151001731T/abstract target=ref>Turnbull 2015</a>,G1V,5817.0,1.63,1.12,0.13,[Fe/H],0.465,4.09,7.32,,,,<a refstr=STASSUN_ET_AL__2019 href=https://ui.adsabs.harvard.edu/abs/2019AJ....158..138S/abstract target=ref>TICv8</a>,39.2441029,-34.5790905,-66.2377,237.69566,25.3936,5.78,5.61319,0,1,0,0,1,0,0,0,0,0,0,0,82.82275001599999,52.81149553022541,43.1397384126678,-47.00549786738146,0.0,0.0,0.0,0.0,0,circle,0,,,82.822750016,Sol,HD 16417,0.3962,HIP 12961,241,8,HR 858,22.8588,0.371,,,,,,,,,,,,,,,,,,,True,Human,Turquenish Empire,Turquenish Empire,False
TOI-2443,TOI-2443,,HIP 12493,1.0,1.0,<a refstr=NAPONIELLO_ET_AL__2025 href=https://ui.adsabs.harvard.edu/abs/2025A&A...693A...7N/abstract target=ref>Naponiello et al. 2025</a>,K5 V,4375.0,0.631,0.642,-0.29,[Fe/H],-0.86487,4.42,7.5,3.61,1.7,,<a refstr=STASSUN_ET_AL__2019 href=https://ui.adsabs.harvard.edu/abs/2019AJ....158..138S/abstract target=ref>TICv8</a>,40.1798608,1.1996757,-51.35161,170.21596,23.9258,9.51,9.0333,0,0,0,0,0,0,0,0,0,0,0,0,78.03543224799999,59.60778510722593,50.33658022008847,1.6338091961945218,0.0,0.0,0.0,0.0,0,circle,0,,,78.03543224799999,Sol,TOI-2443,0.4187,HD 19994,242,8,,,,,,,,,,,,,,,,,,,,,,True,Echryon & Echtol,,Echryon & Echtol,False
HD 134606,HD 134606,HD 134606,HIP 74653,1.0,5.0,<a refstr=LI_ET_AL_2024 href=https://ui.adsabs.harvard.edu/abs/2024AJ....167..155L/abstract target=ref>Li et al. 2024</a>,,5576.0,1.158,1.046,0.343,[Fe/H],0.06483,4.33,7.3,0.95,,42.0,<a refstr=STASSUN_ET_AL__2019 href=https://ui.adsabs.harvard.edu/abs/2019AJ....158..138S/abstract target=ref>TICv8</a>,228.8103897,-70.5203328,-10.93111,314.43361,26.7909,6.86,6.67835,0,1,0,0,1,0,0,0,0,0,1,1,87.380127804,-19.18947992710809,-21.927988140565528,-82.37847978251182,0.0,1.0,1.0,0.6666666666666666,0,circle,0,,,87.38012780400001,Sol,HD 134606,0.5836,TOI-912,243,8,HD 134060,15.9602,0.3967,HD 111232,21.446,0.3705,,,,,,,,,,,,,,,,True,Crystomorphs,,Crystomorphs,False
HD 185283,HD 185283,HD 185283,HIP 96861,1.0,1.0,<a refstr=STASSUN_ET_AL__2019 href=https://ui.adsabs.harvard.edu/abs/2019AJ....158..138S/abstract target=ref>TICv8</a>,,4848.0,0.743303,0.79,-0.06,[M/H],-0.56072,4.59336,,2.712026,,,<a refstr=STASSUN_ET_AL__2019 href=https://ui.adsabs.harvard.edu/abs/2019AJ....158..138S/abstract target=ref>TICv8</a>,295.3233609,-56.3221096,-29.07595,341.21374,31.395,9.03,8.71311,0,1,0,0,1,0,0,0,0,0,0,0,102.3966762,24.286883941977013,-51.3251274491917,-85.21125428909501,0.0,0.0,0.0,0.0,0,circle,0,,,102.3966762,Sol,HD 185283,0.4187,HD 181433,244,8,,,,,,,,,,,,,,,,,,,,,,True,Crystomorphs,,Crystomorphs,False
HD 20782,HD 20782,HD 20782,HIP 15527,2.0,5.0,<a refstr=GHEZZI_ET_AL__2010 href=https://ui.adsabs.harvard.edu/abs/2010ApJ...720.1290G/abstract target=ref>Ghezzi et al. 2010</a>,,5732.0,1.08,0.95,-0.06,[Fe/H],0.053,4.23,8.5,,,,<a refstr=STASSUN_ET_AL__2019 href=https://ui.adsabs.harvard.edu/abs/2019AJ....158..138S/abstract target=ref>TICv8</a>,50.0166232,-28.8543535,-57.27708,224.80293,35.9864,7.36,7.19283,0,1,0,0,1,0,0,0,0,1,1,1,117.371802784,66.05572108119583,78.76854287385751,-56.64184367354863,1.0,1.0,1.0,1.0,0,circle,0,,,117.37180278399998,Sol,HD 20782,0.5912,HD 21411,245,8,HD 20781,0.1519,0.5297,HR 858,18.0246,0.3748,,,,,,,,,,,,,,,,True,Human,Turquenish Empire,Turquenish Empire,False
HD 20782,HD 20781,HD 20781,HIP 15526,2.0,5.0,<a refstr=UDRY_ET_AL__2019 href=https://ui.adsabs.harvard.edu/abs/2019A&A...622A..37U/abstract target=ref>Udry et al. 2019</a>,K0 V,5256.0,,0.7,-0.11,[Fe/H],-0.3098,4.37,,,1.1,46.8,<a refstr=STASSUN_ET_AL__2019 href=https://ui.adsabs.harvard.edu/abs/2019AJ....158..138S/abstract target=ref>TICv8</a>,50.0139757,-28.7841175,-57.2719,224.6733,35.9715,8.48,8.2372,0,0,0,0,0,0,0,0,0,0,0,0,117.32320554,66.07655962771406,78.78599753602519,-56.492383718512585,0.0,0.0,0.0,0.0,0,circle,0,,,117.32320554,Sol,HD 20781,0.5312,HD 21411,246,8,HR 858,18.0162,0.3748,,,,,,,,,,,,,,,,,,,True,Human,Turquenish Empire,Turquenish Empire,False
HR 858,HR 858,HD 17926,HIP 13363,2.0,3.0,<a refstr=BONFANTI_ET_AL__2025 href=https://ui.adsabs.harvard.edu/abs/2025A&A...693A..90B/abstract target=ref>Bonfanti et al. 2025</a>,,6354.0,1.258,1.204,0.025,[Fe/H],0.36361,4.3,2.0,0.852945,7.5,6.7,<a refstr=STASSUN_ET_AL__2019 href=https://ui.adsabs.harvard.edu/abs/2019AJ....158..138S/abstract target=ref>TICv8</a>,42.9849779,-30.8140609,-63.46852,228.14045,31.964,6.38,6.25276,0,0,0,0,0,0,0,0,0,0,0,0,104.25250384,65.4982124386306,61.04597333195834,-53.40372519035595,0.0,0.0,0.0,0.0,0,circle,0,,,104.25250384,Sol,HR 858,0.4637,HD 21411,247,8,TOI-406,22.5419,0.3599,,,,,,,,,,,,,,,,,,,True,Human,Turquenish Empire,Turquenish Empire,False
TOI-406,TOI-406,,,1.0,2.0,<a refstr=LACEDELLI_ET_AL_2024 href=https://ui.adsabs.harvard.edu/abs/2024A&A...692A.238L/abstract target=ref>Lacedelli et al. 2024</a>,M3,3392.0,0.41,0.408,-0.02,[M/H],-1.71444,4.69,,9.445836,,29.2,<a refstr=STASSUN_ET_AL__2019 href=https://ui.adsabs.harvard.edu/abs/2019AJ....158..138S/abstract target=ref>TICv8</a>,49.2626428,-42.2441492,-56.80726,249.56265,31.0597,13.773,12.5528,0,0,0,0,0,0,0,0,0,0,0,0,101.303075132,48.94008863700772,56.82311946799669,-68.10516756698598,0.0,0.0,0.0,0.0,0,circle,0,,,101.303075132,Sol,TOI-406,0.4525,HD 21411,248,8,HD 23079,22.1786,0.3899,,,,,,,,,,,,,,,,,,,True,Human,Turquenish Empire,Turquenish Empire,False
HD 30562,HD 30562,HD 30562,HIP 22336,1.0,1.0,<a refstr=MARMIER_ET_AL__2013 href=https://ui.adsabs.harvard.edu/abs/2013A%26A...551A..90M/abstract target=ref> Marmier et al. 2013 </a>,F8 V,5994.0,1.53,1.23,0.29,[Fe/H],,4.34,3.6,,4.1,,<a refstr=STASSUN_ET_AL__2019 href=https://ui.adsabs.harvard.edu/abs/2019AJ....158..138S/abstract target=ref>TICv8</a>,72.1529519,-5.6751152,-29.82337,203.39812,26.1597,5.77466,5.61828,0,1,0,0,1,0,0,0,0,0,1,1,85.321431132,26.020892774888942,80.81752855684195,-8.437228666712041,0.0,1.0,1.0,0.6666666666666666,0,circle,0,,,85.321431132,Sol,HD 30562,0.4486,AF Lep,249,8,51 Eri,13.5105,0.1959,,,,,,,,,,,,,,,,,,,True,Human,Turquenish Empire,Turquenish Empire,False
2MASS J21252752-8138278,2MASS J21252752-8138278,,,1.0,1.0,<a refstr=STASSUN_ET_AL__2019 href=https://ui.adsabs.harvard.edu/abs/2019AJ....158..138S/abstract target=ref>TICv8</a>,,3592.0,0.672832,0.643977,,,-1.16815,4.59112,,2.980683,,,<a refstr=STASSUN_ET_AL__2019 href=https://ui.adsabs.harvard.edu/abs/2019AJ....158..138S/abstract target=ref>TICv8</a>,321.3662989,-81.6414894,-32.11971,310.65078,34.1154,11.804,10.8133,0,0,0,0,0,0,0,0,0,0,0,0,111.269424024,12.635047562513613,-10.09859962831658,-110.08750420130656,0.0,0.0,0.0,0.0,0,circle,0,,,111.269424024,Sol,2MASS J21252752-8138278,0.4187,HD 221420,250,8,HD 142022 A,17.8531,0.3175,WDS J16102-8414 B,17.8279,0.3076,TOI-1224,24.1413,0.2591,,,,,,,,,,,,,True,Crystomorphs,,Crystomorphs,False
HD 207897,HD 207897,HD 207897,HIP 107038,1.0,1.0,<a refstr=HEIDARI_ET_AL__2022 href=https://ui.adsabs.harvard.edu/abs/2022A&A...658A.176H/abstract target=ref>Heidari et al. 2022</a>,K0 V,5070.0,0.779,0.8,-0.042,[Fe/H],-0.4437,4.559,7.1,2.39,2.0,37.0,<a refstr=STASSUN_ET_AL__2019 href=https://ui.adsabs.harvard.edu/abs/2019AJ....158..138S/abstract target=ref>TICv8</a>,325.2016451,84.3337613,23.23912,118.37663,28.2938,8.37,8.13037,0,0,0,0,0,0,0,0,0,0,0,0,92.281926328,7.481892954820047,-5.199732479980977,91.83102954206528,0.0,0.0,0.0,0.0,0,circle,0,,,92.281926328,Sol,HD 207897,0.4187,HD 150706,251,8,,,,,,,,,,,,,,,,,,,,,,True,Crystomorphs,,Crystomorphs,False
HD 196885,HD 196885 A,HD 196885 A,HIP 101966,2.0,1.0,<a refstr=CORREIA_ET_AL__2008 href=https://ui.adsabs.harvard.edu/abs/2008A&A...479..271C/abstract target=ref> Correia et al. 2008 </a>,F8 V,6340.0,,1.33,0.29,[Fe/H],0.38,4.46,2.0,,7.3,,<a refstr=STASSUN_ET_AL__2019 href=https://ui.adsabs.harvard.edu/abs/2019AJ....158..138S/abstract target=ref>TICv8</a>,309.9664609,11.2500236,-17.98547,56.30997,34.1692,6.39677,6.26141,0,1,0,0,1,0,0,0,0,0,1,1,111.44489595199998,70.20991277345902,-83.77245525654276,21.741865660193945,0.0,1.0,1.0,0.6666666666666666,0,circle,0,,,111.44489595199998,Sol,HD 196885 A,0.4261,GJ 9689,252,8,HD 195019,19.9495,0.3054,,,,,,,,,,,,,,,,,,,True,Human,League of The Faithful,League of The Faithful,True
HIP 81375,HD 149806,HD 149806,HIP 81375,1.0,1.0,<a refstr=TURNBULL_2015 href=https://ui.adsabs.harvard.edu/abs/2015arXiv151001731T/abstract target=ref>Turnbull 2015</a>,K0V,5359.0,0.89,0.91,0.21,[Fe/H],-0.222,4.51,8.36,,,,<a refstr=STASSUN_ET_AL__2019 href=https://ui.adsabs.harvard.edu/abs/2019AJ....158..138S/abstract target=ref>TICv8</a>,249.2855187,0.2546794,29.61681,16.3427,20.2727,7.08308,6.86807,0,0,0,0,0,0,0,0,0,0,0,0,66.12062741199999,-23.38737955799141,-61.84562609205781,0.2939048287234257,0.0,0.0,0.0,0.0,0,circle,0,,,66.12062741199998,Sol,HD 149806,0.4187,GJ 3998,253,8,,,,,,,,,,,,,,,,,,,,,,False,,,,False
TOI-2128,TOI-2128,,HIP 83827,1.0,1.0,<a refstr=MACDOUGALL_ET_AL__2023 href=https://ui.adsabs.harvard.edu/abs/2023AJ....166...33M/abstract target=ref>MacDougall et al. 2023</a>,,5968.0,1.1174,1.0251,-0.07,[Fe/H],0.15625,4.349,4.7,1.0231,,,<a refstr=STASSUN_ET_AL__2019 href=https://ui.adsabs.harvard.edu/abs/2019AJ....158..138S/abstract target=ref>TICv8</a>,256.9817998,32.1053027,34.84643,54.70574,36.578,7.22142,7.06642,0,0,0,0,0,0,0,0,0,0,0,0,119.30134168,-22.76413653762776,-98.45960573195973,63.40591654925738,0.0,0.0,0.0,0.0,0,circle,0,,,119.30134168,Sol,TOI-2128,0.4187,TOI-6086,254,8,,,,,,,,,,,,,,,,,,,,,,False,,,,False
Kepler-444,Kepler-444,,HIP 94931,3.0,5.0,<a refstr=CAMPANTE_ET_AL__2015 href=https://ui.adsabs.harvard.edu/abs/2015ApJ...799..170C/abstract target=ref>Campante et al. 2015</a>,K,5046.0,0.752,0.758,-0.55,[Fe/H],,4.5625,11.23,2.493,,,<a refstr=STASSUN_ET_AL__2019 href=https://ui.adsabs.harvard.edu/abs/2019AJ....158..138S/abstract target=ref>TICv8</a>,289.7528323,41.631884,12.89062,73.36096,36.4396,8.87,8.643251,0,0,0,0,0,0,0,0,0,0,0,0,118.849941776,30.02189507948664,-83.60490871152352,78.95703714889956,0.0,0.0,0.0,0.0,1,diamond,0,,,118.849941776,Sol,Kepler-444,0.4587,TOI-2136,255,8,HAT-P-11,18.5678,0.363,,,,,,,,,,,,,,,,,,,False,,,,False
kap CrB,kap CrB,HD 142091,HIP 77655,1.0,1.0,<a refstr=SOUSA_ET_AL__2015 href=https://ui.adsabs.harvard.edu/abs/2015A&A...576A..94S/abstract target=ref>Sousa et al. 2015</a>,,4889.0,4.791,1.451,0.11,[Fe/H],,3.2,3.286,,,,<a refstr=STASSUN_ET_AL__2019 href=https://ui.adsabs.harvard.edu/abs/2019AJ....158..138S/abstract target=ref>TICv8</a>,237.8080012,35.6558818,51.04132,57.01463,30.0651,4.79734,4.52428,0,1,0,0,1,0,0,0,0,1,1,1,98.059127556,-42.44816219387727,-67.4274178586115,57.16020770016816,1.0,1.0,1.0,1.0,0,circle,0,,,98.05912755599998,Sol,kap CrB,0.4788,TOI-2018,256,8,TOI-1411,22.6525,0.3261,,,,,,,,,,,,,,,,,,,True,Human,Mardat Coalition,Mardat Coalition,True
HD 103949,HD 103949,HD 103949,HIP 58374,1.0,1.0,<a refstr=SOUSA_ET_AL__2008 href=https://ui.adsabs.harvard.edu/abs/2008A&A...487..373S/abstract target=ref>Sousa et al. 2008</a>,,4881.0,,0.763,-0.07,[Fe/H],-0.61618,4.48,,,,,<a refstr=STASSUN_ET_AL__2019 href=https://ui.adsabs.harvard.edu/abs/2019AJ....158..138S/abstract target=ref>TICv8</a>,179.5479558,-23.9241221,37.35505,287.57862,26.4997,8.7,8.38479,0,0,0,0,0,0,0,0,0,0,0,0,86.43036153199999,-79.0020916923754,0.6233125485594179,-35.04979863349494,0.0,0.0,0.0,0.0,0,circle,0,,,86.430361532,Sol,HD 103949,0.4187,HD 104067,257,8,HD 96700,19.2173,0.396,TOI-776,20.9218,0.3609,,,,,,,,,,,,,,,,True,Aboreals,,Aboreals,False
HD 96700,HD 96700,HD 96700,HIP 54400,1.0,3.0,<a refstr=UNGER_ET_AL__2021 href=https://ui.adsabs.harvard.edu/abs/2021A&A...654A.104U/abstract target=ref>Unger et al. 2021</a>,G0 V,5845.0,,0.89,-0.18,[Fe/H],0.13988,4.39,8.6,,,,<a refstr=STASSUN_ET_AL__2019 href=https://ui.adsabs.harvard.edu/abs/2019AJ....158..138S/abstract target=ref>TICv8</a>,166.9742616,-30.1751383,27.58074,277.73064,25.4111,6.51,6.35547,0,0,0,0,0,0,0,0,0,0,0,0,82.879827316,-69.80542240203495,16.148884392491592,-41.65912039495552,0.0,0.0,0.0,0.0,0,circle,0,,,82.879827316,Sol,HD 96700,0.4862,GJ 3634,258,8,HD 93083,13.722,0.3837,TOI-776,18.9814,0.3625,,,,,,,,,,,,,,,,True,Aboreals,,Aboreals,False
HD 82943,HD 82943,HD 82943,HIP 47007,1.0,2.0,<a refstr=TURNBULL_2015 href=https://ui.adsabs.harvard.edu/abs/2015arXiv151001731T/abstract target=ref>Turnbull 2015</a>,G2/3V,5997.0,1.14,1.13,0.27,[Fe/H],0.215,4.39,2.84,,,,<a refstr=STASSUN_ET_AL__2019 href=https://ui.adsabs.harvard.edu/abs/2019AJ....158..138S/abstract target=ref>TICv8</a>,143.7114034,-12.1302976,28.2507,245.84326,27.5902,6.54993,6.38964,0,2,0,0,1,0,0,0,0,1,2,2,89.98709271199999,-70.91422955250489,52.0699538910999,-18.90948977395887,1.0,2.0,2.0,1.6666666666666667,0,circle,0,,,89.987092712,Sol,HD 82943,0.5423,LTT 3780,259,8,TOI-620,17.9072,0.33,,,,,,,,,,,,,,,,,,,True,Methan,,Methan,True
HD 93083,HD 93083,HD 93083,HIP 52521,1.0,2.0,<a refstr=STOEVA_ET_AL_2026 href=https://ui.adsabs.harvard.edu/abs/2026A&A...708A.232S/abstract target=ref>Stoeva et al. 2026</a>,K2 IV-V,5033.8,0.837,0.836,0.13,[Fe/H],-0.39041,4.23,10.71,,,32.3,<a refstr=STASSUN_ET_AL__2019 href=https://ui.adsabs.harvard.edu/abs/2019AJ....158..138S/abstract target=ref>TICv8</a>,161.0866672,-33.5776794,22.22073,274.64523,28.5159,8.3,8.04206,0,1,0,0,1,0,0,0,0,1,1,1,93.006318804,-73.30345767360244,25.1164420327013,-51.4387283103268,1.0,1.0,1.0,1.0,1,diamond,0,,,93.006318804,Sol,HD 93083,0.4625,HD 90156,260,8,TWA 7,17.8868,0.39,TOI-776,23.7139,0.3593,,,,,,,,,,,,,,,,True,Aboreals,,Aboreals,True
HIP 107772,HIP 107772,,HIP 107772,1.0,1.0,<a refstr=TURNBULL_2015 href=https://ui.adsabs.harvard.edu/abs/2015arXiv151001731T/abstract target=ref>Turnbull 2015</a>,M0,4108.0,0.51,0.5,,,-1.155,,,,,,<a refstr=STASSUN_ET_AL__2019 href=https://ui.adsabs.harvard.edu/abs/2019AJ....158..138S/abstract target=ref>TICv8</a>,327.4977057,-41.2440371,-50.42638,0.05347,23.6434,10.56,9.93207,0,0,0,0,0,0,0,0,0,0,0,0,77.11436770399999,48.901070251154266,-31.15617053062688,-50.83900149044912,0.0,0.0,0.0,0.0,0,circle,0,,,77.11436770399999,Sol,HIP 107772,0.4187,GJ 9714,261,8,,,,,,,,,,,,,,,,,,,,,,False,,,,False
TOI-1801,TOI-1801,,HIP 57099,2.0,1.0,<a refstr=MALLORQUIN_ET_AL_2023 href=https://ui.adsabs.harvard.edu/abs/2023A&A...680A..76M/abstract target=ref>Mallorqu&iacute;n et al. 2023</a>,M0.5+/-0.5 V,3863.0,0.547,0.556,-0.19,[Fe/H],-1.23003,4.78,0.7,,3.0,15.98,<a refstr=STASSUN_ET_AL__2019 href=https://ui.adsabs.harvard.edu/abs/2019AJ....158..138S/abstract target=ref>TICv8</a>,175.5755995,23.0270335,73.83285,223.81459,30.6796,11.58,10.8269,0,0,0,0,0,0,0,0,0,0,0,0,100.063356176,-91.81591726711596,7.1041841591531165,39.14132283196363,0.0,0.0,0.0,0.0,0,circle,0,,,100.063356176,Sol,TOI-1801,0.3962,HIP 57274,262,8,HD 98736,13.5103,0.3284,HD 98736 B,13.3429,0.3193,HD 110067,24.7295,0.4489,TOI-5720,19.5368,0.3282,,,,,,,,,,True,Human,Mardat Coalition,Mardat Coalition,False
HD 46375,HD 46375,HD 46375,HIP 31246,2.0,1.0,<a refstr=GHEZZI_ET_AL__2010 href=https://ui.adsabs.harvard.edu/abs/2010ApJ...720.1290G/abstract target=ref>Ghezzi et al. 2010</a>,,5336.0,1.0,0.95,0.32,[Fe/H],-0.137,4.37,9.0,,,,<a refstr=STASSUN_ET_AL__2019 href=https://ui.adsabs.harvard.edu/abs/2019AJ....158..138S/abstract target=ref>TICv8</a>,98.3030763,5.4625071,-1.54562,205.99222,29.5529,7.91,7.69533,0,1,0,0,1,0,0,0,0,0,0,0,96.388556524,-13.856194722351091,94.94507455248824,9.175647923666212,0.0,0.0,0.0,0.0,0,circle,0,,,96.38855652399998,Sol,HD 46375,0.3962,HD 42618,263,9,HD 46375 B,0.4142,0.3922,HD 52265,21.6326,0.3565,HD 45652,20.0507,0.2877,,,,,,,,,,,,,True,Human,Turquenish Empire,Turquenish Empire,False
HD 46375,HD 46375 B,HD 46375 B,,2.0,1.0,<a refstr=STASSUN_ET_AL__2019 href=https://ui.adsabs.harvard.edu/abs/2019AJ....158..138S/abstract target=ref>TICv8</a>,,3574.0,0.526935,0.524036,,,-1.38917,4.71391,,5.049589,,,<a refstr=STASSUN_ET_AL__2019 href=https://ui.adsabs.harvard.edu/abs/2019AJ....158..138S/abstract target=ref>TICv8</a>,98.3008256,5.464348,-1.54676,205.98955,29.6799,8.429,11.2088,0,0,0,0,0,0,0,0,0,0,0,0,96.802774644,-13.911951602107486,95.35334302447912,9.21817527787826,0.0,0.0,0.0,0.0,0,circle,0,,,96.802774644,Sol,HD 46375 B,0.3962,HD 42618,264,9,HD 52265,21.6608,0.3565,HD 45652,19.7037,0.288,,,,,,,,,,,,,,,,True,Human,Turquenish Empire,Turquenish Empire,False
alf Tau,alf Tau,HD 29139,HIP 21421,2.0,1.0,<a refstr=HATZES_ET_AL__2015 href=https://ui.adsabs.harvard.edu/abs/2015A&A...580A..31H/abstract target=ref>Hatzes et al. 2015</a>,K5 III,4055.0,45.1,1.13,-0.27,[Fe/H],,1.2,6.6,,,,<a refstr=STASSUN_ET_AL__2019 href=https://ui.adsabs.harvard.edu/abs/2019AJ....158..138S/abstract target=ref>TICv8</a>,68.980174,16.509201,-20.24835,180.972,20.4332,0.872,,0,1,0,0,1,0,0,0,0,0,0,0,66.644107792,22.919149951161646,59.64473029205521,18.93821050933468,0.0,0.0,0.0,0.0,0,circle,0,,,66.644107792,Sol,alf Tau,0.3962,GJ 3305,265,9,alf Tau B,2.2084,0.3764,,,,,,,,,,,,,,,,,,,True,Echryon & Echtol,,Echryon & Echtol,False
alf Tau,alf Tau B,,,2.0,1.0,<a refstr=STASSUN_ET_AL__2019 href=https://ui.adsabs.harvard.edu/abs/2019AJ....158..138S/abstract target=ref>TICv8</a>,,3398.0,0.346546,0.4,,,-1.84089,4.96061,,13.550165,,,<a refstr=STASSUN_ET_AL__2019 href=https://ui.adsabs.harvard.edu/abs/2019AJ....158..138S/abstract target=ref>TICv8</a>,68.9887927,16.5050725,-20.24439,180.9809,21.1103,13.2142,11.9357,0,0,0,0,0,0,0,0,0,0,0,0,68.85251006799999,23.669863306238444,61.62606954894673,19.56101392250426,0.0,0.0,0.0,0.0,0,circle,0,,,68.85251006799997,Sol,alf Tau B,0.3962,GJ 3305,266,9,,,,,,,,,,,,,,,,,,,,,,True,Echryon & Echtol,,Echryon & Echtol,False
HIP 13642 A,HD 18143,HD 18143,HIP 13642 A,1.0,2.0,<a refstr=TURNBULL_2015 href=https://ui.adsabs.harvard.edu/abs/2015arXiv151001731T/abstract target=ref>Turnbull 2015</a>,K2,5148.0,0.87,0.9,0.28,[Fe/H],-0.26,4.51,9.4,,,,<a refstr=STASSUN_ET_AL__2019 href=https://ui.adsabs.harvard.edu/abs/2019AJ....158..138S/abstract target=ref>TICv8</a>,43.9140248,26.8723829,-28.29389,154.43765,22.5243,7.518,7.33209,0,1,0,0,1,0,0,0,0,0,0,0,73.464355908,47.20755902797578,45.4511108236753,33.20624164959748,0.0,0.0,0.0,0.0,0,circle,0,,,73.464355908,Sol,HD 18143,0.4525,alf Ari,267,9,,,,,,,,,,,,,,,,,,,,,,True,Echryon & Echtol,,Echryon & Echtol,False
HIP 5957,KOBE-1,,HIP 5957,1.0,2.0,<a refstr=BALSALOBRE_RUZA_ET_AL__2025 href=https://ui.adsabs.harvard.edu/abs/2025A&A...694A..15B/abstract target=ref>Balsalobre-Ruza et al. 2025</a>,K7 V,4135.0,0.619,0.629,-0.01,[Fe/H],-0.99576,5.07,,,2.0,37.4,<a refstr=STASSUN_ET_AL__2019 href=https://ui.adsabs.harvard.edu/abs/2019AJ....158..138S/abstract target=ref>TICv8</a>,19.1660378,25.3310358,-37.18978,130.09141,23.9718,10.1,9.47126,0,0,0,0,0,0,0,0,0,0,0,0,78.185464008,66.75095727931183,23.20078685182273,33.45145697720861,0.0,0.0,0.0,0.0,0,circle,0,,,78.185464008,Sol,KOBE-1,0.4525,alf Ari,268,9,TOI-1468,9.392,0.3916,TOI-4529,23.5985,0.3256,,,,,,,,,,,,,,,,True,Echryon & Echtol,,Echryon & Echtol,False
TOI-1468,TOI-1468,,,1.0,2.0,<a refstr=CHATURVEDI_ET_AL__2022 href=https://ui.adsabs.harvard.edu/abs/2022A&A...666A.155C/abstract target=ref>Chaturvedi et al. 2022</a>,M3.0 V,3496.0,0.344,0.339,-0.04,[Fe/H],-1.79724,5.0,,,2.0,42.5,<a refstr=STASSUN_ET_AL__2019 href=https://ui.adsabs.harvard.edu/abs/2019AJ....158..138S/abstract target=ref>TICv8</a>,16.6538724,19.2249195,-43.50115,127.87377,24.7399,12.5,12.1172,0,0,0,0,0,0,0,0,0,0,0,0,80.690668244,72.99487631332191,21.83547174848185,26.56960946621828,0.0,0.0,0.0,0.0,0,circle,0,,,80.690668244,Sol,TOI-1468,0.4525,alf Ari,269,9,HIP 5763,23.9362,0.3553,TOI-4529,15.263,0.3347,,,,,,,,,,,,,,,,True,Echryon & Echtol,,Echryon & Echtol,False
HD 11964,HD 11964,HD 11964,HIP 9094,2.0,2.0,<a refstr=JOFR_EACUTE__ET_AL__2015 href=https://ui.adsabs.harvard.edu/abs/2015A&A...574A..50J/abstract target=ref>Jofr&eacute; et al. 2015</a>,,5321.0,1.95,1.1,0.06,[Fe/H],0.47,3.94,7.45,,1.52,,<a refstr=STASSUN_ET_AL__2019 href=https://ui.adsabs.harvard.edu/abs/2019AJ....158..138S/abstract target=ref>TICv8</a>,29.2884252,-10.2434693,-67.09225,168.57627,33.5369,6.41525,6.209,0,2,0,0,1,0,0,0,0,0,1,2,109.382611564,93.87944302926782,52.6577513538942,-19.45166089121493,0.0,1.0,2.0,1.0,0,circle,0,,,109.38261156400002,Sol,HD 11964,0.4698,GJ 3138,270,9,HD 11964 B,0.0449,0.4296,,,,,,,,,,,,,,,,,,,True,Methan,,Methan,False
HD 11964,HD 11964 B,HD 11964 B,,2.0,2.0,<a refstr=STASSUN_ET_AL__2019 href=https://ui.adsabs.harvard.edu/abs/2019AJ....158..138S/abstract target=ref>TICv8</a>,,3905.0,0.616994,0.601737,,,-1.09826,4.63691,,3.611848,,,<a refstr=STASSUN_ET_AL__2019 href=https://ui.adsabs.harvard.edu/abs/2019AJ....158..138S/abstract target=ref>TICv8</a>,29.2944475,-10.2492002,-67.09279,168.59741,33.524,11.123,10.5217,0,0,0,0,0,0,0,0,0,0,0,0,109.34053744,93.8361024025142,52.646408102567314,-19.454940952643422,0.0,0.0,0.0,0.0,0,circle,0,,,109.34053744,Sol,HD 11964 B,0.43,GJ 3138,271,9,,,,,,,,,,,,,,,,,,,,,,True,Human,Turquenish Empire,Turquenish Empire,False
HD 134060,HD 134060,HD 134060,HIP 74273,1.0,2.0,<a refstr=TURNBULL_2015 href=https://ui.adsabs.harvard.edu/abs/2015arXiv151001731T/abstract target=ref>Turnbull 2015</a>,G2V,5914.0,1.17,1.07,0.09,[Fe/H],0.201,4.36,5.6,,,,<a refstr=STASSUN_ET_AL__2019 href=https://ui.adsabs.harvard.edu/abs/2019AJ....158..138S/abstract target=ref>TICv8</a>,227.6847587,-61.4223747,-2.92076,318.80629,24.0125,6.29,6.13951,0,1,0,0,1,0,0,0,0,0,1,1,78.3182095,-25.22072987442162,-27.702412657252435,-68.77668977825732,0.0,1.0,1.0,0.6666666666666666,0,circle,0,,,78.31820949999998,Sol,HD 134060,0.4823,HD 134606,272,9,HIP 70849,21.9647,0.304,,,,,,,,,,,,,,,,,,,True,Crystomorphs,,Crystomorphs,False
HD 111232,HD 111232,HD 111232,HIP 62534,1.0,2.0,<a refstr=MAYOR_ET_AL__2004 href=https://ui.adsabs.harvard.edu/abs/2004A&A...415..391M/abstract target=ref> Mayor et al. 2004 </a>,G5 V,5494.0,,0.78,-0.36,[Fe/H],-0.161,4.5,5.2,,1.2,,<a refstr=STASSUN_ET_AL__2019 href=https://ui.adsabs.harvard.edu/abs/2019AJ....158..138S/abstract target=ref>TICv8</a>,192.2159553,-68.4246679,-5.55411,302.69417,28.9571,7.59,7.40535,0,1,0,0,1,0,0,0,0,0,0,1,94.445319076,-33.94344366100502,-7.348727054672823,-87.82799746365362,0.0,0.0,1.0,0.3333333333333333,0,circle,0,,,94.445319076,Sol,HD 111232,0.4624,HD 134606,273,9,HD 101930,21.5131,0.3341,HD 100508,17.7595,0.3302,HD 101930 B,21.5399,0.3042,,,,,,,,,,,,,True,Crystomorphs,,Crystomorphs,False
HD 23079,HD 23079,HD 23079,HIP 17096,1.0,2.0,<a refstr=DELISLE_ET_AL_2025 href=https://ui.adsabs.harvard.edu/abs/2025A&A...703A..78D/abstract target=ref>Delisle et al. 2025</a>,F9.5 V,5994.0,1.08,1.16,-0.129,[Fe/H],0.13033,4.37,2.6,,,15.0,<a refstr=STASSUN_ET_AL__2019 href=https://ui.adsabs.harvard.edu/abs/2019AJ....158..138S/abstract target=ref>TICv8</a>,54.9281897,-52.9162344,-49.6531,264.32032,33.4591,7.12,6.96235,0,1,0,0,1,0,0,0,0,0,1,1,109.128862196,37.81042687620616,53.85509976170746,-87.05807494591848,0.0,1.0,1.0,0.6666666666666666,0,circle,0,,,109.128862196,Sol,HD 23079,0.4823,TOI-406,274,9,HD 21693,10.8129,0.4375,,,,,,,,,,,,,,,,,,,True,Crystomorphs,,Crystomorphs,False
51 Eri,51 Eri,HD 29391,HIP 21547,3.0,1.0,<a refstr=ELLIOTT_ET_AL_2024 href=https://ui.adsabs.harvard.edu/abs/2024PASA...41...43E/abstract target=ref>Elliott et al. 2024</a>,,7422.0,1.45,1.55,0.13,[Fe/H],0.7574,4.09,0.0232,,,,<a refstr=STASSUN_ET_AL__2019 href=https://ui.adsabs.harvard.edu/abs/2019AJ....158..138S/abstract target=ref>TICv8</a>,69.4007424,-2.4738245,-30.65764,198.61297,29.7575,5.21149,5.15806,0,0,0,0,0,0,0,0,0,0,0,0,97.0558717,34.11529712227086,90.76584805428098,-4.189219580448969,0.0,0.0,0.0,0.0,2,square,0,,,97.0558717,Sol,51 Eri,0.2738,HD 30562,275,9,,,,,,,,,,,,,,,,,,,,,,True,Human,Turquenish Empire,Turquenish Empire,False
HD 142022,HD 142022 A,HD 142022 A,HIP 79242,2.0,1.0,<a refstr=EGGENBERGER_ET_AL__2006 href=https://ui.adsabs.harvard.edu/abs/2006A&A...447.1159E/abstract target=ref> Eggenberger et al. 2006 </a>,K0,5499.0,,0.99,0.19,[Fe/H],0.00432,4.36,,,1.2,,<a refstr=STASSUN_ET_AL__2019 href=https://ui.adsabs.harvard.edu/abs/2019AJ....158..138S/abstract target=ref>TICv8</a>,242.5481731,-84.2317494,-23.31633,307.71909,34.2802,7.7,7.51423,0,1,0,0,1,0,0,0,0,0,0,1,111.806929112,-5.180357970062527,-9.9718363444221,-111.24080082720486,0.0,0.0,1.0,0.3333333333333333,0,circle,0,,,111.806929112,Sol,HD 142022 A,0.4062,2MASS J21252752-8138278,276,9,WDS J16102-8414 B,0.1394,0.3949,,,,,,,,,,,,,,,,,,,True,Crystomorphs,,Crystomorphs,False
HD 142022,WDS J16102-8414 B,HD 142022 B,,2.0,1.0,<a refstr=STASSUN_ET_AL__2019 href=https://ui.adsabs.harvard.edu/abs/2019AJ....158..138S/abstract target=ref>TICv8</a>,,3924.0,0.651171,0.628004,,,-1.043,4.60864,,3.206579,,,<a refstr=STASSUN_ET_AL__2019 href=https://ui.adsabs.harvard.edu/abs/2019AJ....158..138S/abstract target=ref>TICv8</a>,242.5910907,-84.2352606,-23.32189,307.71942,34.2376,11.28,10.385,0,0,0,0,0,0,0,0,0,0,0,0,111.667986656,-5.163324473183229,-9.957272793142648,-111.10324946963595,0.0,0.0,0.0,0.0,0,circle,0,,,111.667986656,Sol,WDS J16102-8414 B,0.3962,2MASS J21252752-8138278,277,9,,,,,,,,,,,,,,,,,,,,,,True,Crystomorphs,,Crystomorphs,False
TOI-1224,TOI-1224,,,1.0,2.0,<a refstr=THAO_ET_AL__2024 href=https://ui.adsabs.harvard.edu/abs/2024AJ....168...41T/abstract target=ref>Thao et al. 2024</a>,,3326.0,0.404,0.4,,,-1.6968,,0.21,6.851756,22.1,1.23,<a refstr=STASSUN_ET_AL__2019 href=https://ui.adsabs.harvard.edu/abs/2019AJ....158..138S/abstract target=ref>TICv8</a>,37.1978356,-80.8991053,-35.34548,298.34809,37.3312,13.95,12.7824,0,0,0,0,0,0,0,0,0,0,0,0,121.757948672,15.340713325365442,11.643321821811115,-120.22517887878594,0.0,0.0,0.0,0.0,2,square,0,,,121.75794867199998,Sol,TOI-1224,0.3525,2MASS J21252752-8138278,278,9,,,,,,,,,,,,,,,,,,,,,,True,Crystomorphs,,Crystomorphs,False
HD 195019,HD 195019,HD 195019,HIP 100970,2.0,1.0,<a refstr=FISCHER_ET_AL__1999 href=https://ui.adsabs.harvard.edu/abs/1999PASP..111...50F/abstract target=ref> Fischer et al. 1999 </a>,G3 V/IV,5600.0,,0.98,0.3,[Fe/H],,,3.2,,,,<a refstr=STASSUN_ET_AL__2019 href=https://ui.adsabs.harvard.edu/abs/2019AJ....158..138S/abstract target=ref>TICv8</a>,307.0792427,18.7692509,-11.47701,61.15665,37.6681,6.87591,6.72911,0,1,0,0,1,0,0,0,0,0,0,0,122.856768236,70.13364807898878,-92.80316867033544,39.53009983888275,0.0,0.0,0.0,0.0,0,circle,0,,,122.85676823599998,Sol,HD 195019,0.3962,HD 196885 A,279,9,,,,,,,,,,,,,,,,,,,,,,False,,,,False
HAT-P-11,HAT-P-11,,HIP 97657,1.0,2.0,<a refstr=BASILICATA_ET_AL__2024 href=https://ui.adsabs.harvard.edu/abs/2024A&A...686A.127B/abstract target=ref>Basilicata et al. 2024</a>,,4780.0,0.76,0.86,0.31,[Fe/H],,4.563,6.5,2.699817,,,<a refstr=STASSUN_ET_AL__2019 href=https://ui.adsabs.harvard.edu/abs/2019AJ....158..138S/abstract target=ref>TICv8</a>,297.7101763,48.0818635,10.77239,81.83486,37.7647,9.46,9.15098,0,2,0,0,1,0,0,0,0,0,0,0,123.17183493199998,38.26347919995471,-72.84974729311729,91.6521761845262,0.0,0.0,0.0,0.0,0,circle,0,,,123.17183493199998,Sol,HAT-P-11,0.4525,Kepler-444,280,9,,,,,,,,,,,,,,,,,,,,,,True,Methan,,Methan,False
TOI-1411,TOI-1411,,HIP 76042,1.0,1.0,<a refstr=MACDOUGALL_ET_AL__2023 href=https://ui.adsabs.harvard.edu/abs/2023AJ....166...33M/abstract target=ref>MacDougall et al. 2023</a>,,4115.0,0.614,0.6045,0.012,[Fe/H],-1.01323,4.64,9.6,3.6333,,,<a refstr=STASSUN_ET_AL__2019 href=https://ui.adsabs.harvard.edu/abs/2019AJ....158..138S/abstract target=ref>TICv8</a>,232.946047,47.0555507,52.90913,76.25875,32.4778,10.51,9.87723,0,0,0,0,0,0,0,0,0,0,0,0,105.928293368,-43.48590621783563,-57.59482605281045,77.54105563001566,0.0,0.0,0.0,0.0,0,circle,0,,,105.928293368,Sol,TOI-1411,0.4187,kap CrB,281,9,HD 141399,15.6531,0.5246,iot Dra,21.9887,0.3201,,,,,,,,,,,,,,,,True,Crystomorphs,,Crystomorphs,False
TOI-776,TOI-776,,,1.0,2.0,<a refstr=LUQUE_ET_AL__2021 href=https://ui.adsabs.harvard.edu/abs/2021A&A...645A..41L/abstract target=ref>Luque et al. 2021</a>,M1 V,3709.0,0.538,0.544,-0.2,[Fe/H],-1.3098,4.727,7.8,6.024,,34.4,<a refstr=STASSUN_ET_AL__2019 href=https://ui.adsabs.harvard.edu/abs/2019AJ....158..138S/abstract target=ref>TICv8</a>,178.577997,-37.5533568,23.94395,290.576,27.1701,11.536,10.7409,0,0,0,0,0,0,0,0,0,0,0,0,88.616911356,-70.23261836526045,1.743435652358328,-54.01200540586258,0.0,0.0,0.0,0.0,0,circle,0,,,88.616911356,Sol,TOI-776,0.4525,HD 103949,282,9,HD 114386,24.4398,0.3988,,,,,,,,,,,,,,,,,,,True,Aboreals,,Aboreals,False
TOI-620,TOI-620,,,1.0,1.0,<a refstr=REEFE_ET_AL_2022 href=https://ui.adsabs.harvard.edu/abs/2022AJ....163..269R/abstract target=ref>Reefe et al. 2022</a>,M2.5 V,3708.0,0.55,0.577,0.35,[Fe/H],-1.28819,4.718,7.2,4.89,3.0,8.99,<a refstr=STASSUN_ET_AL__2019 href=https://ui.adsabs.harvard.edu/abs/2019AJ....158..138S/abstract target=ref>TICv8</a>,142.1734459,-12.1671652,27.07122,244.78968,33.0231,12.262,11.3104,0,0,0,0,0,0,0,0,0,0,0,0,107.706822036,-83.16343962989633,64.56993131130461,-22.700788366763128,0.0,0.0,0.0,0.0,0,circle,0,,,107.706822036,Sol,TOI-620,0.4187,HD 82943,283,9,HD 73583,22.926,0.3097,,,,,,,,,,,,,,,,,,,True,Aboreals,,Aboreals,False
TWA 7,TWA 7,,,1.0,1.0,<a refstr=STASSUN_ET_AL__2019 href=https://ui.adsabs.harvard.edu/abs/2019AJ....158..138S/abstract target=ref>TICv8</a>,,3509.0,0.917173,0.46,,,-0.93967,4.17592,,0.840562,,,<a refstr=STASSUN_ET_AL__2019 href=https://ui.adsabs.harvard.edu/abs/2019AJ....158..138S/abstract target=ref>TICv8</a>,160.6248102,-33.6712596,21.94442,274.3394,33.9958,11.773,10.6193,0,1,0,0,1,0,0,0,0,1,1,1,110.879341448,-87.05137361410439,30.613264674211223,-61.47450477902586,1.0,1.0,1.0,1.0,0,circle,0,,,110.879341448,Sol,TWA 7,0.4788,HD 93083,284,9,,,,,,,,,,,,,,,,,,,,,,True,Aboreals,,Aboreals,False
HD 98736,HD 98736,HD 98736,HIP 55486 A,2.0,1.0,<a refstr=STASSUN_ET_AL__2019 href=https://ui.adsabs.harvard.edu/abs/2019AJ....158..138S/abstract target=ref>TICv8</a>,,5371.0,0.926425,0.93,0.46,[M/H],-0.19146,4.47293,,1.648989,,,<a refstr=STASSUN_ET_AL__2019 href=https://ui.adsabs.harvard.edu/abs/2019AJ....158..138S/abstract target=ref>TICv8</a>,170.4549045,18.1896082,67.52286,231.64806,32.4459,7.93,7.75446,0,1,0,0,1,0,0,0,0,0,0,1,105.824249604,-99.1441902053028,16.67127616366726,33.0343745795069,0.0,0.0,1.0,0.3333333333333333,0,circle,0,,,105.824249604,Sol,HD 98736,0.4062,TOI-1801,285,9,HD 98736 B,0.3575,0.3927,TOI-5720,17.6165,0.3304,,,,,,,,,,,,,,,,True,Human,Mardat Coalition,Mardat Coalition,False
HD 98736,HD 98736 B,HD 98736 B,,2.0,1.0,<a refstr=STASSUN_ET_AL__2019 href=https://ui.adsabs.harvard.edu/abs/2019AJ....158..138S/abstract target=ref>TICv8</a>,,,0.707242,0.668623,,,,4.56411,,2.66467,,,<a refstr=STASSUN_ET_AL__2019 href=https://ui.adsabs.harvard.edu/abs/2019AJ....158..138S/abstract target=ref>TICv8</a>,170.4538382,18.1905895,67.52242,231.64456,32.3363,11.14,10.384,0,0,0,0,0,0,0,0,0,0,0,0,105.466782628,-98.80842270566444,16.616707115831947,32.92450280485949,0.0,0.0,0.0,0.0,0,circle,0,,,105.466782628,Sol,HD 98736 B,0.3962,TOI-1801,286,9,TOI-5720,17.8229,0.3301,,,,,,,,,,,,,,,,,,,True,Human,Mardat Coalition,Mardat Coalition,False
HD 110067,HD 110067,HD 110067,,3.0,6.0,<a refstr=LUQUE_ET_AL__2023 href=https://ui.adsabs.harvard.edu/abs/2023Natur.623..932L/abstract target=ref>Luque et al. 2023</a>,K0.0 V,5266.0,0.788,0.798,-0.2,[Fe/H],,4.54,8.1,,2.5,,<a refstr=STASSUN_ET_AL__2019 href=https://ui.adsabs.harvard.edu/abs/2019AJ....158..138S/abstract target=ref>TICv8</a>,189.8392243,20.0273377,82.37965,281.0126,32.1585,8.419,8.17208,0,0,0,0,0,0,0,0,0,0,0,0,104.88687725999998,-97.09482302860204,-16.839649827640578,35.92044760413211,0.0,0.0,0.0,0.0,0,circle,0,,,104.88687726,Sol,HD 110067,0.5425,TOI-1801,287,9,,,,,,,,,,,,,,,,,,,,,,True,Human,Mardat Coalition,Mardat Coalition,False
TOI-5720,TOI-5720,,,1.0,1.0,<a refstr=BARKAOUI_ET_AL_2024 href=https://ui.adsabs.harvard.edu/abs/2024A&A...687A.264B/abstract target=ref>Barkaoui et al. 2024</a>,M3.5 +/- 1.0,3325.0,0.383,0.383,0.03,[Fe/H],-1.79183,5.01,5.0,9.615015,3.4,,<a refstr=STASSUN_ET_AL__2019 href=https://ui.adsabs.harvard.edu/abs/2019AJ....158..138S/abstract target=ref>TICv8</a>,170.3135774,25.2732942,69.71294,213.07331,35.8256,13.847,12.8215,0,0,0,0,0,0,0,0,0,0,0,0,116.847343936,-104.15651119653928,17.77839636794996,49.886386748762725,0.0,0.0,0.0,0.0,0,circle,0,,,116.847343936,Sol,TOI-5720,0.4187,TOI-1801,288,9,,,,,,,,,,,,,,,,,,,,,,True,Human,Mardat Coalition,Mardat Coalition,False
HD 52265,HD 52265,HD 52265,HIP 33719,1.0,1.0,<a refstr=TURNBULL_2015 href=https://ui.adsabs.harvard.edu/abs/2015arXiv151001731T/abstract target=ref>Turnbull 2015</a>,G0V,6076.0,1.28,1.17,0.19,[Fe/H],0.352,4.31,3.76,,,,<a refstr=STASSUN_ET_AL__2019 href=https://ui.adsabs.harvard.edu/abs/2019AJ....158..138S/abstract target=ref>TICv8</a>,105.0746449,-5.3668142,-0.48127,218.71677,29.9803,6.29351,6.15257,0,1,0,0,1,0,0,0,0,0,1,1,97.782547268,-25.31953248385072,94.0037383017134,-9.14576461105695,0.0,1.0,1.0,0.6666666666666666,0,circle,0,,,97.782547268,Sol,HD 52265,0.4486,HD 46375,289,10,HIP 35173,12.9244,0.3442,HD 60779,24.6364,0.3589,HD 64114,24.9051,0.335,,,,,,,,,,,,,True,Aboreals,,Aboreals,False
HD 45652,HD 45652,HD 45652,HIP 30905,1.0,1.0,<a refstr=SANTOS_ET_AL__2008 href=https://ui.adsabs.harvard.edu/abs/2008A&A...487..369S/abstract target=ref> Santos et al. 2008 </a>,G8-K0,5312.0,,0.83,0.29,[Fe/H],,4.32,12.0,,2.0,,<a refstr=STASSUN_ET_AL__2019 href=https://ui.adsabs.harvard.edu/abs/2019AJ....158..138S/abstract target=ref>TICv8</a>,97.3058709,10.9336212,0.11002,200.68451,34.8541,8.1,7.9118,0,1,0,0,1,0,0,0,0,0,0,1,113.678738396,-14.19368504329403,110.709037291693,21.561630971345853,0.0,0.0,1.0,0.3333333333333333,1,diamond,0,,,113.678738396,Sol,HD 45652,0.3787,HD 46375,290,10,,,,,,,,,,,,,,,,,,,,,,True,Human,Turquenish Empire,Turquenish Empire,False
TOI-4529,TOI-4529,,,1.0,1.0,<a refstr=POULTOURTZIDIS_ET_AL_2026 href=https://ui.adsabs.harvard.edu/abs/2026A&A...707A.106P/abstract target=ref>Poultourtzidis et al. 2026</a>,M1.5 V,3697.0,0.48,0.482,-0.24,[Fe/H],-1.41263,4.61,,6.1,2.0,20.7,<a refstr=STASSUN_ET_AL__2019 href=https://ui.adsabs.harvard.edu/abs/2019AJ....158..138S/abstract target=ref>TICv8</a>,16.9688462,12.8809549,-49.79242,129.14418,28.384,12.214,11.216,0,0,0,0,0,0,0,0,0,0,0,0,92.57611904,86.31746561032834,26.33858518647268,20.63763255543027,0.0,0.0,0.0,0.0,0,circle,0,,,92.57611904,Sol,TOI-4529,0.4187,KOBE-1,291,10,HIP 5763,13.2861,0.3719,,,,,,,,,,,,,,,,,,,True,Echryon & Echtol,,Echryon & Echtol,False
HIP 5763,HIP 5763,,HIP 5763,1.0,1.0,<a refstr=STASSUN_ET_AL__2019 href=https://ui.adsabs.harvard.edu/abs/2019AJ....158..138S/abstract target=ref>TICv8</a>,,4352.0,0.750378,0.68,,,-0.73999,4.52002,,2.269003,,,<a refstr=STASSUN_ET_AL__2019 href=https://ui.adsabs.harvard.edu/abs/2019AJ....158..138S/abstract target=ref>TICv8</a>,18.495343,16.4942738,-46.03596,130.72775,31.9043,9.82,9.39022,0,1,0,0,1,0,0,0,0,0,1,1,104.057788708,94.6221484333267,31.651576307195068,29.544037197547475,0.0,1.0,1.0,0.6666666666666666,0,circle,0,,,104.057788708,Sol,HIP 5763,0.4486,TOI-1468,292,10,HD 10697,15.6244,0.3938,,,,,,,,,,,,,,,,,,,True,Echryon & Echtol,,Echryon & Echtol,False
HIP 70849,HIP 70849,,HIP 70849,2.0,1.0,<a refstr=SEGRANSAN_ET_AL__2011 href=https://ui.adsabs.harvard.edu/abs/2011A%26A...535A..54S/abstract target=ref> S&eacute;gransan et al. 2011 </a>,K7 V,4105.0,,0.63,,,,,3.0,,1.93,,<a refstr=STASSUN_ET_AL__2019 href=https://ui.adsabs.harvard.edu/abs/2019AJ....158..138S/abstract target=ref>TICv8</a>,217.3270762,-46.464684,13.14448,319.96733,24.0572,10.421,9.69796,0,1,0,0,1,0,0,0,0,0,0,0,78.464001232,-42.97677774994168,-32.77163845010453,-56.88247337153199,0.0,0.0,0.0,0.0,0,circle,0,,,78.464001232,Sol,HIP 70849,0.3962,HD 134060,293,10,TOI-4336 A,14.3538,0.3262,TIC 166184426,14.4185,0.326,HD 125595,16.369,0.3323,,,,,,,,,,,,,True,Crystomorphs,,Crystomorphs,False
HD 101930,HD 101930,HD 101930,HIP 57172,2.0,1.0,<a refstr=GHEZZI_ET_AL__2010 href=https://ui.adsabs.harvard.edu/abs/2010ApJ...720.1290G/abstract target=ref>Ghezzi et al. 2010</a>,,5190.0,0.79,0.9,0.27,[Fe/H],-0.387,4.31,1.0,,,,<a refstr=STASSUN_ET_AL__2019 href=https://ui.adsabs.harvard.edu/abs/2019AJ....158..138S/abstract target=ref>TICv8</a>,175.875608,-58.0053798,3.68473,294.01002,30.0274,8.21,7.96664,0,1,0,0,1,0,0,0,0,0,1,1,97.936166744,-51.75607967858715,3.732069445568903,-83.05945238481746,0.0,1.0,1.0,0.6666666666666666,0,circle,0,,,97.936166744,Sol,HD 101930,0.4261,HD 111232,294,10,HD 101930 B,0.0347,0.3959,HD 100508,18.5456,0.3292,TOI-1231,21.4094,0.3268,,,,,,,,,,,,,True,Crystomorphs,,Crystomorphs,False
HD 100508,HD 100508,HD 100508,HIP 56363,1.0,1.0,<a refstr=WU_ET_AL_2026 href=https://ui.adsabs.harvard.edu/abs/2026AJ....171..189W/abstract target=ref>Wu et al. 2026</a>,K1 IV,5419.0,,0.94,0.33,[Fe/H],,4.39,,,,,<a refstr=STASSUN_ET_AL__2019 href=https://ui.adsabs.harvard.edu/abs/2019AJ....158..138S/abstract target=ref>TICv8</a>,173.3014057,-67.0546386,-5.33388,295.40017,32.7548,7.74,7.52487,0,1,0,0,1,0,0,0,0,0,0,0,106.831745488,-41.36437669109431,4.858168641588603,-98.37890212042392,0.0,0.0,0.0,0.0,0,circle,0,,,106.831745488,Sol,HD 100508,0.4187,HD 111232,295,10,HD 101930 B,18.5773,0.3067,,,,,,,,,,,,,,,,,,,True,Crystomorphs,,Crystomorphs,False
HD 101930,HD 101930 B,HD 101930 B,,2.0,1.0,<a refstr=STASSUN_ET_AL__2019 href=https://ui.adsabs.harvard.edu/abs/2019AJ....158..138S/abstract target=ref>TICv8</a>,,4023.0,0.72157,0.63,,,-0.91055,4.52085,,2.364124,,,<a refstr=STASSUN_ET_AL__2019 href=https://ui.adsabs.harvard.edu/abs/2019AJ....158..138S/abstract target=ref>TICv8</a>,175.881153,-57.9853122,3.70487,294.00763,30.0274,10.594,9.88496,0,0,0,0,0,0,0,0,0,0,0,0,97.936166744,-51.785453524163394,3.7291498156165086,-83.04127287956254,0.0,0.0,0.0,0.0,0,circle,0,,,97.936166744,Sol,HD 101930 B,0.3962,HD 111232,296,10,TOI-1231,21.4039,0.3268,,,,,,,,,,,,,,,,,,,True,Crystomorphs,,Crystomorphs,False
HD 21693,HD 21693,HD 21693,HIP 16085,1.0,2.0,<a refstr=UDRY_ET_AL__2019 href=https://ui.adsabs.harvard.edu/abs/2019A&A...622A..37U/abstract target=ref>Udry et al. 2019</a>,G8 V,5430.0,,0.8,0.0,[Fe/H],-0.20761,4.37,,,1.6,35.2,<a refstr=STASSUN_ET_AL__2019 href=https://ui.adsabs.harvard.edu/abs/2019AJ....158..138S/abstract target=ref>TICv8</a>,51.8040469,-58.3232726,-48.72408,272.90839,33.255,7.95,7.75701,0,1,0,0,1,0,0,0,0,0,1,1,108.4631778,35.21942469219868,44.7624107883284,-92.3048191766925,0.0,1.0,1.0,0.6666666666666666,0,circle,0,,,108.4631778,Sol,HD 21693,0.4823,HD 23079,297,10,,,,,,,,,,,,,,,,,,,,,,True,Crystomorphs,,Crystomorphs,False
HD 141399,HD 141399,HD 141399,HIP 77301,1.0,4.0,<a refstr=H_EACUTE_BRARD_ET_AL__2016 href=https://ui.adsabs.harvard.edu/abs/2016A&A...588A.145H/abstract target=ref>H&eacute;brard et al. 2016</a>,K0,5600.0,,1.07,0.35,[Fe/H],,4.28,,,2.9,,<a refstr=STASSUN_ET_AL__2019 href=https://ui.adsabs.harvard.edu/abs/2019AJ....158..138S/abstract target=ref>TICv8</a>,236.7235392,46.986288,50.45641,74.98872,37.0169,7.20856,7.00926,0,4,0,0,1,0,0,0,0,0,3,3,120.732840364,-45.189634290543616,-68.856274373782,88.27870170323352,0.0,3.0,3.0,2.0,0,circle,0,,,120.732840364,Sol,HD 141399,0.6095,TOI-1411,298,10,,,,,,,,,,,,,,,,,,,,,,True,Methan,,Methan,True
iot Dra,iot Dra,HD 137759,HIP 75458,1.0,2.0,<a refstr=HILL_ET_AL__2021 href=https://ui.adsabs.harvard.edu/abs/2021AJ....162..211H/abstract target=ref>Hill et al. 2021</a>,K2 III,4504.0,11.79,1.54,0.03,[Fe/H],1.72247,2.48,2.65,,,,<a refstr=STASSUN_ET_AL__2019 href=https://ui.adsabs.harvard.edu/abs/2019AJ....158..138S/abstract target=ref>TICv8</a>,231.2323227,58.9661403,48.62777,93.97119,31.32832,3.29668,2.96828,0,1,0,0,1,0,0,0,0,0,0,1,102.1791953792,-32.98502403604293,-41.07252243399749,87.55354966299863,0.0,0.0,1.0,0.3333333333333333,1,diamond,0,,,102.1791953792,Sol,iot Dra,0.4124,TOI-1411,299,10,,,,,,,,,,,,,,,,,,,,,,True,Crystomorphs,,Crystomorphs,False
HD 114386,HD 114386,HD 114386,HIP 64295,1.0,2.0,<a refstr=TURNBULL_2015 href=https://ui.adsabs.harvard.edu/abs/2015arXiv151001731T/abstract target=ref>Turnbull 2015</a>,K3V,4820.0,0.74,0.78,0.0,[Fe/H],-0.495,4.6,1.4,,,,<a refstr=STASSUN_ET_AL__2019 href=https://ui.adsabs.harvard.edu/abs/2019AJ....158..138S/abstract target=ref>TICv8</a>,197.6652124,-35.0561807,27.64978,307.37226,27.9243,8.73,8.41823,0,2,0,0,1,0,0,0,0,0,1,2,91.076779908,-71.0389228891419,-22.623896569681083,-52.312623497251536,0.0,1.0,2.0,1.0,0,circle,0,,,91.076779908,Sol,HD 114386,0.4923,TOI-776,300,10,,,,,,,,,,,,,,,,,,,,,,True,Methan,,Methan,False
HD 73583,HD 73583,HD 73583,HIP 42401,1.0,2.0,<a refstr=BARRAGAN_ET_AL_2022 href=https://ui.adsabs.harvard.edu/abs/2022MNRAS.514.1606B/abstract target=ref>Barrag&aacute;n et al. 2022</a>,K4 V,4511.0,0.65,0.73,0.0,[Fe/H],,4.62,0.48,3.69,3.5,12.2,<a refstr=STASSUN_ET_AL__2019 href=https://ui.adsabs.harvard.edu/abs/2019AJ....158..138S/abstract target=ref>TICv8</a>,129.6883026,-13.2565267,16.64313,237.89791,31.5666,9.67,9.27033,0,0,0,0,0,0,0,0,0,0,0,0,102.956359896,-63.997030512832026,77.11682512637606,-23.609053581248453,0.0,0.0,0.0,0.0,1,diamond,0,,,102.956359896,Sol,HD 73583,0.4025,TOI-620,301,10,,,,,,,,,,,,,,,,,,,,,,True,Aboreals,,Aboreals,False
HIP 35173,HIP 35173,,HIP 35173,1.0,1.0,<a refstr=FENG_ET_AL__2019 href=https://ui.adsabs.harvard.edu/abs/2019ApJS..242...25F/abstract target=ref>Feng et al. 2019</a>,K2 V,4881.0,,0.79,,,,,,,,,<a refstr=STASSUN_ET_AL__2019 href=https://ui.adsabs.harvard.edu/abs/2019AJ....158..138S/abstract target=ref>TICv8</a>,109.0449329,-3.6661273,3.81532,219.02671,33.1562,9.01,8.70829,0,0,0,0,0,0,0,0,0,0,0,0,108.14093567199998,-35.215208288304815,102.0124346840262,-6.914784383061695,0.0,0.0,0.0,0.0,0,circle,0,,,108.14093567199998,Sol,HIP 35173,0.4187,HD 52265,302,11,,,,,,,,,,,,,,,,,,,,,,True,Aboreals,,Aboreals,False
HD 60779,HD 60779,HD 60779,HIP 36976,1.0,2.0,<a refstr=DITOMASSO_ET_AL_2026 href=https://ui.adsabs.harvard.edu/abs/2026AJ....172...97D/abstract target=ref>DiTomasso et al. 2026</a>,G1 V,6081.0,1.129,1.05,-0.12,[Fe/H],0.19479,4.356,,1.033403,3.0,19.0,<a refstr=STASSUN_ET_AL__2019 href=https://ui.adsabs.harvard.edu/abs/2019AJ....158..138S/abstract target=ref>TICv8</a>,114.0047579,-3.151291,8.43606,220.88893,35.4445,7.1634,7.00788,0,1,0,0,1,0,0,0,0,0,0,0,115.60436341999998,-46.958185558024,105.44624502835217,-6.355081452061524,0.0,0.0,0.0,0.0,0,circle,0,,,115.60436341999998,Sol,HD 60779,0.4525,HD 52265,303,11,,,,,,,,,,,,,,,,,,,,,,True,Aboreals,,Aboreals,False
HD 64114,HD 64114,HD 64114,HIP 38392,1.0,1.0,<a refstr=FENG_ET_AL__2019 href=https://ui.adsabs.harvard.edu/abs/2019ApJS..242...25F/abstract target=ref>Feng et al. 2019</a>,G7 V,5676.0,,0.95,,,,,,,,,<a refstr=STASSUN_ET_AL__2019 href=https://ui.adsabs.harvard.edu/abs/2019AJ....158..138S/abstract target=ref>TICv8</a>,117.982556,-11.0337221,8.08434,229.78855,31.5262,7.71,7.52581,0,1,0,0,1,0,0,0,0,0,0,1,102.824592872,-47.35374547759818,89.12489209810519,-19.679260581549027,0.0,0.0,1.0,0.3333333333333333,0,circle,0,,,102.824592872,Sol,HD 64114,0.4287,HD 52265,304,11,,,,,,,,,,,,,,,,,,,,,,True,Aboreals,,Aboreals,False
HD 10697,HD 10697,HD 10697,HIP 8159,1.0,1.0,<a refstr=JOFR_EACUTE__ET_AL__2015 href=https://ui.adsabs.harvard.edu/abs/2015A&A...574A..50J/abstract target=ref>Jofr&eacute; et al. 2015</a>,,5614.0,1.75,1.11,0.15,[Fe/H],0.42,4.11,6.98,,0.76,,<a refstr=STASSUN_ET_AL__2019 href=https://ui.adsabs.harvard.edu/abs/2019AJ....158..138S/abstract target=ref>TICv8</a>,26.2324076,20.0826974,-41.04386,139.67128,33.1205,6.28262,6.10286,0,1,0,0,1,0,0,0,0,1,1,1,108.02449798,91.00724565048948,44.8450732290972,37.09302912973538,1.0,1.0,1.0,1.0,0,circle,0,,,108.02449798,Sol,HD 10697,0.4788,HIP 5763,305,11,,,,,,,,,,,,,,,,,,,,,,True,Echryon & Echtol,,Echryon & Echtol,True
TOI-4336,TOI-4336 A,,,3.0,2.0,<a refstr=TIMMERMANS_ET_AL_2024 href=https://ui.adsabs.harvard.edu/abs/2024A&A...687A..48T/abstract target=ref>Timmermans et al. 2024</a>,M3.5+/-0.5,3298.0,0.328,0.331,-0.209,[Fe/H],-1.9431,4.927,6.7,13.252367,,,<a refstr=STASSUN_ET_AL__2019 href=https://ui.adsabs.harvard.edu/abs/2019AJ....158..138S/abstract target=ref>TICv8</a>,206.1070129,-40.3373505,21.419,313.74668,22.5455,13.6,12.2569,0,0,0,0,0,0,0,0,0,0,0,0,73.53350098,-50.33201627141826,-24.66503986360388,-47.59726581386981,0.0,0.0,0.0,0.0,0,circle,0,,,73.53350097999999,Sol,TOI-4336 A,0.4075,HIP 70849,306,11,,,,,,,,,,,,,,,,,,,,,,True,Bazzar,,Bazzar,False
TOI-4336,TIC 166184426,,,3.0,2.0,<a refstr=TIMMERMANS_ET_AL_2024 href=https://ui.adsabs.harvard.edu/abs/2024A&A...687A..48T/abstract target=ref>Timmermans et al. 2024</a>,M3.5+/-0.5,3255.0,0.318,0.314,-0.21,[Fe/H],-1.9914,4.93,6.7,19.342817,,,<a refstr=STASSUN_ET_AL__2019 href=https://ui.adsabs.harvard.edu/abs/2019AJ....158..138S/abstract target=ref>TICv8</a>,206.1050831,-40.3364032,21.42024,313.74536,22.4731,12.911,12.446,0,0,0,0,0,0,0,0,0,0,0,0,73.29736403599999,-50.17191833199202,-24.58448875580721,-47.44349373865101,0.0,0.0,0.0,0.0,0,circle,0,,,73.29736403599999,Sol,TIC 166184426,0.4075,HIP 70849,307,11,,,,,,,,,,,,,,,,,,,,,,True,Bazzar,,Bazzar,False
HD 125595,HD 125595,HD 125595,HIP 70170,1.0,1.0,<a refstr=SEGRANSAN_ET_AL__2011 href=https://ui.adsabs.harvard.edu/abs/2011A%26A...535A..54S/abstract target=ref> S&eacute;gransan et al. 2011 </a>,K4 V,4908.0,,0.756,0.02,[Fe/H],,4.32,3.53,,1.5,40.1,<a refstr=STASSUN_ET_AL__2019 href=https://ui.adsabs.harvard.edu/abs/2019AJ....158..138S/abstract target=ref>TICv8</a>,215.3434326,-40.3942443,19.31718,320.90869,28.1989,9.03,8.6555,0,0,0,0,0,0,0,0,0,0,0,0,91.972404284,-57.1368795127478,-40.52022604329216,-59.602109280845006,0.0,0.0,0.0,0.0,0,circle,0,,,91.972404284,Sol,HD 125595,0.4187,HIP 70849,308,11,,,,,,,,,,,,,,,,,,,,,,True,Bazzar,,Bazzar,False
TOI-1231,TOI-1231,,,1.0,1.0,<a refstr=BURT_ET_AL__2021 href=https://ui.adsabs.harvard.edu/abs/2021AJ....162...87B/abstract target=ref>Burt et al. 2021</a>,M3 V,3553.0,0.476,0.485,0.041,[Fe/H],-1.48678,4.767,,6.31,,,<a refstr=STASSUN_ET_AL__2019 href=https://ui.adsabs.harvard.edu/abs/2019AJ....158..138S/abstract target=ref>TICv8</a>,156.74726,-52.4678724,4.38237,281.8256,27.6227,12.36,11.36,0,0,0,0,0,0,0,0,0,0,0,0,90.093093412,-50.427067841590926,21.66803483818025,-71.44489187964628,0.0,0.0,0.0,0.0,0,circle,0,,,90.09309341199996,Sol,TOI-1231,0.4187,HD 101930,309,11,,,,,,,,,,,,,,,,,,,,,,True,Crystomorphs,,Crystomorphs,False
